GBAC,country,host,collection_date,taxon,ORF1b-nt17,ORF2-aa25,color_orf1b16,code,1bcolor,2color
AB823731/BTN/human/2010/MAstV6,BTN,human,2010.0,MAstV6,20,18,#7f3eda,a,#BE38E9,#D82FEC
AB823732/BTN/human/2010/MAstV6,BTN,human,2010.0,MAstV6,20,18,#7830dc,aa,#BE38E9,#D82FEC
AF260508/NA/human/NA/MAstV1,,human,,MAstV1,13,0,#57e457,aaa,#7BEA3B,#43B144
AY179509/NA/mink/NA/MAstV10,,mink,,MAstV10,31,10,#000000,aaaa,#F1AA42,#648FAE
AY720891/NA/human/NA/MAstV1,,human,,MAstV1,13,0,#71df71,aaab,#7BEA3B,#43B144
AY720892/NA/human/NA/MAstV1,,human,,MAstV1,13,0,#78de78,aaac,#7BEA3B,#43B144
DQ028633/BRA/human/NA/MAstV1,BRA,human,,MAstV1,13,0,#1ef41e,aaad,#7BEA3B,#43B144
DQ070852/BRA/human/NA/MAstV1,BRA,human,,MAstV1,13,0,#30ef30,aaae,#7BEA3B,#43B144
DQ344027/CHN/human/NA/MAstV1,CHN,human,,MAstV1,13,0,#5be35b,aab,#7BEA3B,#43B144
FJ402983/USA/human/2008/MAstV6,USA,human,2008.0,MAstV6,20,18,#5a0cc6,aaba,#BE38E9,#D82FEC
FJ755402/CHN/human/2005/MAstV1,CHN,human,2005.0,MAstV1,13,0,#3ceb3c,aabb,#7BEA3B,#43B144
FJ755403/CHN/human/2006/MAstV1,CHN,human,2006.0,MAstV1,13,0,#75de75,aabc,#7BEA3B,#43B144
FJ755404/CHN/human/2007/MAstV1,CHN,human,2007.0,MAstV1,13,0,#38ec38,aabd,#7BEA3B,#43B144
FJ755405/CHN/human/2007/MAstV1,CHN,human,2007.0,MAstV1,13,0,#3aec3a,aabe,#7BEA3B,#43B144
GQ495608/CHN/human/2007/MAstV1,CHN,human,2007.0,MAstV1,13,0,#1af61a,aac,#7BEA3B,#43B144
GQ502193/USA/human/2009/MAstV8,USA,human,2009.0,MAstV8,27,13,#d7054c,aaca,#D1E782,#6CDC42
GQ891990/USA/human/2007/MAstV9,USA,human,2007.0,MAstV9,26,12,#c2dbbd,aacb,#6BE9AD,#F186B8
GQ901902/RUS/human/2009/MAstV1,RUS,human,2009.0,MAstV1,13,0,#17f717,aacc,#7BEA3B,#43B144
GU223905/RUS/human/2003/MAstV1,RUS,human,2003.0,MAstV1,13,0,#0efa0e,aacd,#7BEA3B,#43B144
GU732187/RUS/human/2008/MAstV1,RUS,human,2008.0,MAstV1,13,0,#0cfb0c,aace,#7BEA3B,#43B144
GU985458/SWE/mink/NA/MAstV10,SWE,mink,,MAstV10,31,9,#000000,aad,#F1AA42,#5E9C89
HM237363/NA/human/NA/MAstV1,,human,,MAstV1,13,0,#13f813,aada,#7BEA3B,#43B144
HM450380/HKG/human/2005/MAstV6,HKG,human,2005.0,MAstV6,20,18,#7121df,aadb,#BE38E9,#D82FEC
HQ398856/HUN/human/2010/MAstV1,HUN,human,2010.0,MAstV1,13,0,#98da98,aadc,#7BEA3B,#43B144
HQ916313/HKG/cow/NA/NA,HKG,cow,,,2,62,#dbbdd4,aadd,#E3EEDD,#E9A2E8
HQ916314/HKG/cow/NA/NA,HKG,cow,,,4,34,#000000,aade,#DE7174,#45EEB9
HQ916316/HKG/cow/NA/NA,HKG,cow,,,4,35,#000000,aae,#DE7174,#DB499A
HQ916317/HKG/cow/NA/NA,HKG,cow,,,2,62,#e1aed5,aaea,#E3EEDD,#E9A2E8
JF491430/RUS/human/2004/MAstV1,RUS,human,2004.0,MAstV1,13,0,#09fc09,aaeb,#7BEA3B,#43B144
JF713712/USA/pig/2010/NA,USA,pig,2010.0,,1,56,#54e59c,aaec,#9BC3B9,#B199B1
JN887820/KOR/human/2006/MAstV1,KOR,human,2006.0,MAstV1,13,0,#73de73,aaed,#7BEA3B,#43B144
JQ086552/CHN/human/2010/MAstV6,CHN,human,2010.0,MAstV6,20,18,#6b1bda,aaee,#BE38E9,#D82FEC
JQ403108/CHN/human/2010/MAstV1,CHN,human,2010.0,MAstV1,13,0,#22f322,ab,#7BEA3B,#43B144
JX556690/USA/pig/2011/NA,USA,pig,2011.0,,1,53,#41ea95,aba,#9BC3B9,#B199B1
JX556692/USA/pig/2011/NA,USA,pig,2011.0,,7,78,#bdcedb,abaa,#5ECBE7,#B16F26
KC285152/RUS/human/2011/MAstV1,RUS,human,2011.0,MAstV1,13,0,#00ff00,abab,#7BEA3B,#43B144
KF039910/RUS/human/2005/MAstV1,RUS,human,2005.0,MAstV1,13,0,#36ed36,abac,#7BEA3B,#43B144
KF039911/RUS/human/2006/MAstV1,RUS,human,2006.0,MAstV1,13,0,#05fd05,abad,#7BEA3B,#43B144
KF039912/RUS/human/2005/MAstV1,RUS,human,2005.0,MAstV1,13,0,#4de74d,abae,#7BEA3B,#43B144
KF039913/RUS/human/2010/MAstV1,RUS,human,2010.0,MAstV1,13,0,#59e459,abb,#7BEA3B,#43B144
KF211475/CHN/human/2010/MAstV1,CHN,human,2010.0,MAstV1,13,0,#77de77,abba,#7BEA3B,#43B144
KF374704/PRT/cat/2012/MAstV2,PRT,cat,2012.0,MAstV2,14,1,#7eaddd,abbb,#DABFB0,#51EAEE
KJ495986/USA/pig/2012/NA,USA,pig,2012.0,,1,53,#4ee69a,abbc,#9BC3B9,#B199B1
KJ620980/CHN/cow/2014/NA,CHN,cow,2014.0,,2,62,#deb6d4,abbd,#E3EEDD,#E9A2E8
KJ656124/GMB/human/2009/NA,GMB,human,2009.0,,28,14,#000000,abbe,#DBAEC6,#7680E8
KJ920196/GBR/human/2013/MAstV9,GBR,human,2013.0,MAstV9,26,12,#54c43f,abc,#6BE9AD,#F186B8
KJ920197/GBR/human/2014/MAstV9,GBR,human,2014.0,MAstV9,26,12,#42af2e,abca,#6BE9AD,#F186B8
KM017743/USA/cat/2013/MAstV2,USA,cat,2013.0,MAstV2,14,1,#2e8eef,abcb,#DABFB0,#51EAEE
KM358468/NA/human/NA/MAstV9,,human,,MAstV9,26,12,#339721,abcc,#6BE9AD,#F186B8
KM401565/NA/human/NA/MAstV9,,human,,MAstV9,26,12,#a8d2a0,abcd,#6BE9AD,#F186B8
KM822593/CHN/yak/2013/NA,CHN,yak,2013.0,,2,66,#e2acd5,abce,#E3EEDD,#B19967
KP264970/USA/cow/2013/NA,USA,cow,2013.0,,6,70,#e9e944,abd,#AE8EDF,#EA8E92
KP404150/GBR/dog/2012/MAstV5,GBR,dog,2012.0,MAstV5,16,3,#96c996,abda,#7460DD,#8CF431
KP747573/CHN/pig/2006/NA,CHN,pig,2006.0,,0,25,#9edabc,abdb,#E342C0,#CBEF84
KP747574/CHN/pig/2006/NA,CHN,pig,2006.0,,36,21,#000000,abdc,#ADEBBE,#787A7E
KP759770/KOR/pig/2014/NA,KOR,pig,2014.0,,0,25,#a2dabe,abdd,#E342C0,#CBEF84
KP862744/KOR/human/2014/MAstV1,KOR,human,2014.0,MAstV1,13,0,#34ee34,abde,#7BEA3B,#43B144
KP982872/BEL/pig/NA/NA,BEL,pig,,,0,24,#87dcb1,abe,#E342C0,#68F4E5
KR868721/ARE/camel/2013/NA,ARE,camel,2013.0,,0,57,#b7dbc9,abea,#E342C0,#DD36CC
KR868722/ARE/camel/2013/NA,ARE,camel,2013.0,,0,57,#b6dbc8,abeb,#E342C0,#DD36CC
KR868723/ARE/camel/2013/NA,ARE,camel,2013.0,,0,57,#b9dbca,abec,#E342C0,#DD36CC
KT946726/HKG/rat/NA/NA,HKG,rat,,,10,74,#bdccdb,abed,#CFE944,#E382F2
KT946727/HKG/rat/NA/NA,HKG,rat,,,10,74,#b3c9e0,abee,#CFE944,#E382F2
KT946728/HKG/rat/NA/NA,HKG,rat,,,10,74,#9cc3ea,ac,#CFE944,#E382F2
KT946729/HKG/rat/NA/NA,HKG,rat,,,10,74,#90c0f0,aca,#CFE944,#E382F2
KT946730/HKG/rat/NA/NA,HKG,rat,,,10,74,#a8c6e4,acaa,#CFE944,#E382F2
KT946731/HKG/rat/NA/NA,HKG,rat,,,11,75,#83bdf7,acab,#6494DE,#D1C05A
KT946732/HKG/rat/NA/NA,HKG,rat,,,19,23,#8fec33,acac,#DD9A7E,#E8EC79
KT946733/HKG/rat/NA/NA,HKG,rat,,,19,23,#80fa06,acad,#DD9A7E,#E8EC79
KT946735/CHN/rat/NA/NA,CHN,rat,,,12,77,#000000,acae,#BEE2EA,#5FC9F3
KT946736/CHN/rat/NA/NA,CHN,rat,,,12,76,#000000,acb,#BEE2EA,#C35759
KT956903/CHE/cow/2015/NA,CHE,cow,2015.0,,32,15,#dbbddb,acba,#E0ACE7,#B98CDE
KU764484/USA/pig/2015/NA,USA,pig,2015.0,,7,97,#a9c3d6,acbb,#5ECBE7,#ECC6E5
KU764486/USA/pig/2015/NA,USA,pig,2015.0,,7,97,#a4c0d5,acbc,#5ECBE7,#ECC6E5
KX033447/CHN/pig/2015/NA,CHN,pig,2015.0,,7,84,#2a8ad2,acbd,#5ECBE7,#C0896C
KX060808/CHN/pig/2014/NA,CHN,pig,2014.0,,7,78,#85b1d1,acbe,#5ECBE7,#B16F26
KX060809/CHN/pig/2014/NA,CHN,pig,2014.0,,7,93,#97bad3,acc,#5ECBE7,#C8AFE6
KX599350/HUN/dog/2012/MAstV5,HUN,dog,2012.0,MAstV5,16,3,#98ca98,acca,#7460DD,#8CF431
KX599352/HUN/dog/2012/NA,HUN,dog,2012.0,,18,3,#81c081,accb,#DFCD4B,#8CF431
KX756441/AUS/dog/2012/MAstV5,AUS,dog,2012.0,MAstV5,16,3,#a0cea0,accc,#7460DD,#8CF431
KY073229/HUN/pig/2016/NA,HUN,pig,2016.0,,25,6,#af739d,accd,#94ED85,#8FF1CE
KY073231/HUN/pig/2016/NA,HUN,pig,2016.0,,25,6,#ab6b97,acce,#94ED85,#8FF1CE
KY073232/HUN/pig/2015/NA,HUN,pig,2015.0,,25,6,#ad6f9a,acd,#94ED85,#8FF1CE
KY765684/BRA/crab-eating-fox/2015/MAstV5,BRA,crab-eating-fox,2015.0,MAstV5,16,3,#91c791,acda,#7460DD,#8CF431
KY859988/CHE/sheep/2006/NA,CHE,sheep,2006.0,,32,15,#daa8da,acdb,#E0ACE7,#B98CDE
KY933398/KEN/pig/2012/NA,KEN,pig,2012.0,,7,88,#4395d2,acdc,#5ECBE7,#5F2C85
KY933670/USA/human/2017/MAstV9,USA,human,2017.0,MAstV9,26,12,#8ecb82,acdd,#6BE9AD,#F186B8
KY940077/UGA/pig/2012/NA,UGA,pig,2012.0,,0,44,#9cdabb,acde,#E342C0,#B199B1
KY940545/USA/pig/2017/NA,USA,pig,2017.0,,25,6,#d7b5cd,ace,#94ED85,#8FF1CE
L23513/NA/human/NA/MAstV1,,human,,MAstV1,13,0,#8fdb8f,acea,#7BEA3B,#43B144
LC047787/JPN/cow/2013/NA,JPN,cow,2013.0,,2,73,#f18bd9,aceb,#E3EEDD,#8ABD7D
LC047788/JPN/cow/2013/NA,JPN,cow,2013.0,,3,65,#43e9e9,acec,#CA66DC,#E9698C
LC047790/JPN/cow/2009/NA,JPN,cow,2009.0,,6,68,#ffff00,aced,#AE8EDF,#B8CFB5
LC047791/JPN/cow/2009/NA,JPN,cow,2009.0,,3,64,#29f1f1,acee,#CA66DC,#3BF067
LC047792/JPN/cow/2009/NA,JPN,cow,2009.0,,3,64,#71dfdf,ad,#CA66DC,#3BF067
LC047793/JPN/cow/2009/NA,JPN,cow,2009.0,,37,21,#000000,ada,#B2AF7D,#787A7E
LC047794/JPN/cow/2009/NA,JPN,cow,2009.0,,3,65,#0efafa,adaa,#CA66DC,#E9698C
LC047795/JPN/cow/2014/NA,JPN,cow,2014.0,,3,65,#66e1e1,adab,#CA66DC,#E9698C
LC047796/JPN/cow/2014/NA,JPN,cow,2014.0,,2,62,#f289da,adac,#E3EEDD,#E9A2E8
LC047797/JPN/cow/2015/NA,JPN,cow,2015.0,,2,73,#e3aad5,adad,#E3EEDD,#8ABD7D
LC047798/JPN/cow/2015/NA,JPN,cow,2015.0,,6,68,#fbfb0c,adae,#AE8EDF,#B8CFB5
LC047799/JPN/cow/2015/NA,JPN,cow,2015.0,,3,65,#00ffff,adb,#CA66DC,#E9698C
LC047800/JPN/cow/2015/NA,JPN,cow,2015.0,,6,69,#f3f323,adba,#AE8EDF,#F19172
LC047801/JPN/cow/2015/NA,JPN,cow,2015.0,,3,65,#36eded,adbb,#CA66DC,#E9698C
LC064152/JPN/human/2015/MAstV6,JPN,human,2015.0,MAstV6,20,18,#6515d4,adbc,#BE38E9,#D82FEC
LC201585/JPN/pig/2014/NA,JPN,pig,2014.0,,1,53,#3eeb94,adbd,#9BC3B9,#B199B1
LC201586/JPN/pig/2015/NA,JPN,pig,2015.0,,1,56,#3beb93,adbe,#9BC3B9,#B199B1
LC201587/JPN/pig/2015/NA,JPN,pig,2015.0,,0,26,#80dcae,adc,#E342C0,#EDD2C4
LC201588/JPN/pig/2015/NA,JPN,pig,2015.0,,0,26,#acdac3,adca,#E342C0,#EDD2C4
LC201589/JPN/pig/2015/NA,JPN,pig,2015.0,,1,60,#1cf588,adcb,#9BC3B9,#799841
LC201590/JPN/pig/2015/NA,JPN,pig,2015.0,,0,61,#94dab7,adcc,#E342C0,#9B35EA
LC201591/JPN/pig/2015/NA,JPN,pig,2015.0,,0,30,#a0dabd,adcd,#E342C0,#D6D5F2
LC201592/JPN/pig/2015/NA,JPN,pig,2015.0,,0,32,#6be0a5,adce,#E342C0,#4E75BB
LC201593/JPN/pig/2015/NA,JPN,pig,2015.0,,0,29,#6fdfa7,add,#E342C0,#A19D82
LC201594/JPN/pig/2015/NA,JPN,pig,2015.0,,1,28,#19f687,adda,#9BC3B9,#EDD2C4
LC201595/JPN/pig/2014/NA,JPN,pig,2014.0,,25,6,#92557f,addb,#94ED85,#8FF1CE
LC201596/JPN/pig/2014/NA,JPN,pig,2014.0,,25,6,#9e5b89,addc,#94ED85,#8FF1CE
LC201597/JPN/pig/2014/NA,JPN,pig,2014.0,,25,6,#9a5986,addd,#94ED85,#8FF1CE
LC201598/JPN/pig/2014/NA,JPN,pig,2014.0,,25,7,#b2769f,adde,#94ED85,#EFA53F
LC201599/JPN/pig/2014/NA,JPN,pig,2014.0,,25,6,#965782,ade,#94ED85,#8FF1CE
LC201600/JPN/pig/2014/NA,JPN,pig,2014.0,,7,89,#085894,adea,#5ECBE7,#C8AFE6
LC201601/JPN/pig/2014/NA,JPN,pig,2014.0,,7,89,#0b5e9c,adeb,#5ECBE7,#C8AFE6
LC201602/JPN/pig/2014/NA,JPN,pig,2014.0,,7,78,#095b98,adec,#5ECBE7,#B16F26
LC201603/JPN/pig/2014/NA,JPN,pig,2014.0,,7,81,#1f7dc4,aded,#5ECBE7,#84F0B0
LC201605/JPN/pig/2015/NA,JPN,pig,2015.0,,7,92,#a0bed5,adee,#5ECBE7,#BAE04E
LC201606/JPN/pig/2015/NA,JPN,pig,2015.0,,7,86,#72a8d0,ae,#5ECBE7,#AF37A7
LC201607/JPN/pig/2015/NA,JPN,pig,2015.0,,7,93,#0d63a3,aea,#5ECBE7,#C8AFE6
LC201608/JPN/pig/2015/NA,JPN,pig,2015.0,,7,101,#93b7d3,aeaa,#5ECBE7,#F0D5DE
LC201609/JPN/pig/2015/NA,JPN,pig,2015.0,,7,93,#4e99d1,aeab,#5ECBE7,#C8AFE6
LC201610/JPN/pig/2015/NA,JPN,pig,2015.0,,7,78,#3891d3,aeac,#5ECBE7,#B16F26
LC201611/JPN/pig/2015/NA,JPN,pig,2015.0,,7,78,#2d8dd4,aead,#5ECBE7,#B16F26
LC201612/JPN/pig/2015/NA,JPN,pig,2015.0,,7,78,#338fd3,aeae,#5ECBE7,#B16F26
LC201613/JPN/pig/2015/NA,JPN,pig,2015.0,,7,91,#8eb5d2,aeb,#5ECBE7,#BEC9D3
LC201614/JPN/pig/2015/NA,JPN,pig,2015.0,,7,80,#1b78be,aeba,#5ECBE7,#61CC77
LC341267/JPN/cow/2016/NA,JPN,cow,2016.0,,34,16,#000000,aebb,#DC6EBE,#9EB3E1
LC694985/JPN/human/2019/MAstV1,JPN,human,2019.0,MAstV1,13,0,#8bdb8b,aebc,#7BEA3B,#43B144
LC694986/JPN/human/2022/MAstV1,JPN,human,2022.0,MAstV1,13,0,#b7dbb7,aebd,#7BEA3B,#43B144
LC694987/JPN/human/2021/MAstV1,JPN,human,2021.0,MAstV1,13,0,#a5daa5,aebe,#7BEA3B,#43B144
LC694988/JPN/human/2021/MAstV1,JPN,human,2021.0,MAstV1,13,0,#badbba,aec,#7BEA3B,#43B144
LC694989/JPN/human/2021/MAstV1,JPN,human,2021.0,MAstV1,13,0,#bddbbd,aeca,#7BEA3B,#43B144
LC694990/JPN/human/2018/MAstV1,JPN,human,2018.0,MAstV1,13,0,#a2daa2,aecb,#7BEA3B,#43B144
LC694991/JPN/human/2021/MAstV1,JPN,human,2021.0,MAstV1,13,0,#bbdbbb,aecc,#7BEA3B,#43B144
LC694992/JPN/human/2021/MAstV1,JPN,human,2021.0,MAstV1,13,0,#a3daa3,aecd,#7BEA3B,#43B144
LC694993/JPN/human/2020/MAstV1,JPN,human,2020.0,MAstV1,13,0,#b6dbb6,aece,#7BEA3B,#43B144
LC694994/JPN/human/2020/MAstV1,JPN,human,2020.0,MAstV1,13,0,#b5dab5,aed,#7BEA3B,#43B144
LC694995/JPN/human/2020/MAstV1,JPN,human,2020.0,MAstV1,13,0,#b9dbb9,aeda,#7BEA3B,#43B144
LC694996/JPN/human/2018/MAstV1,JPN,human,2018.0,MAstV1,13,0,#49e849,aedb,#7BEA3B,#43B144
LC694997/JPN/human/2018/MAstV1,JPN,human,2018.0,MAstV1,13,0,#47e847,aedc,#7BEA3B,#43B144
LC694998/JPN/human/2021/MAstV6,JPN,human,2021.0,MAstV6,20,18,#9465d6,aedd,#BE38E9,#D82FEC
LC694999/JPN/human/2021/MAstV6,JPN,human,2021.0,MAstV6,20,18,#cabddb,aede,#BE38E9,#D82FEC
LC695000/JPN/human/2021/MAstV6,JPN,human,2021.0,MAstV6,20,18,#c3b3d9,aee,#BE38E9,#D82FEC
LC732122/JPN/human/2016/MAstV1,JPN,human,2016.0,MAstV1,13,0,#88db88,aeea,#7BEA3B,#43B144
LC732123/JPN/human/2016/MAstV1,JPN,human,2016.0,MAstV1,13,0,#86dc86,aeeb,#7BEA3B,#43B144
LC732124/JPN/human/2016/MAstV1,JPN,human,2016.0,MAstV1,13,0,#81dc81,aeec,#7BEA3B,#43B144
LC732125/JPN/human/2019/NA,JPN,human,2019.0,,21,18,#000000,aeed,#6CAC52,#D82FEC
LN879482/DEU/cow/2014/NA,DEU,cow,2014.0,,32,15,#dd79dd,aeee,#E0ACE7,#B98CDE
LT706530/NA/sheep/NA/NA,,sheep,,,32,15,#e35ee3,b,#E0ACE7,#B98CDE
LT706531/NA/sheep/NA/NA,,sheep,,,32,15,#ea41ea,ba,#E0ACE7,#B98CDE
LT898424/NA/pig/NA/NA,,pig,,,25,6,#a96895,baa,#94ED85,#8FF1CE
LT898434/NA/pig/NA/NA,,pig,,,0,42,#aadac2,baaa,#E342C0,#B1B271
MF684776/CHN/human/2013/MAstV1,CHN,human,2013.0,MAstV1,13,0,#2df02d,baab,#7BEA3B,#43B144
MF973500/CHN/dog/NA/MAstV5,CHN,dog,,MAstV5,16,3,#b5d8b5,baac,#7460DD,#8CF431
MF973501/CHN/dog/NA/MAstV5,CHN,dog,,MAstV5,16,3,#b3d7b3,baad,#7460DD,#8CF431
MG571777/VEN/human/2015/MAstV1,VEN,human,2015.0,MAstV1,13,0,#85dc85,baae,#7BEA3B,#43B144
MG930777/ITA/pig/2015/NA,ITA,pig,2015.0,,0,24,#89dbb2,bab,#E342C0,#68F4E5
MH425243/CHN/pig/2018/NA,CHN,pig,2018.0,,7,101,#599dd0,baba,#5ECBE7,#F0D5DE
MK026166/AUS/dog/2017/MAstV5,AUS,dog,2017.0,MAstV5,16,3,#a2cfa2,babb,#7460DD,#8CF431
MK059949/USA/human/NA/MAstV1,USA,human,,MAstV1,13,0,#8ddb8d,babc,#7BEA3B,#43B144
MK059950/USA/human/NA/MAstV1,USA,human,,MAstV1,13,0,#7add7a,babd,#7BEA3B,#43B144
MK059951/USA/human/NA/MAstV1,USA,human,,MAstV1,13,0,#07fc07,babe,#7BEA3B,#43B144
MK059952/USA/human/NA/MAstV1,USA,human,,MAstV1,13,0,#32ee32,bac,#7BEA3B,#43B144
MK059953/USA/human/NA/MAstV1,USA,human,,MAstV1,13,0,#1cf51c,baca,#7BEA3B,#43B144
MK059954/USA/human/NA/MAstV1,USA,human,,MAstV1,13,0,#15f815,bacb,#7BEA3B,#43B144
MK059955/USA/human/NA/MAstV1,USA,human,,MAstV1,13,0,#10f910,bacc,#7BEA3B,#43B144
MK059956/USA/human/NA/MAstV1,USA,human,,MAstV1,13,0,#55e555,bacd,#7BEA3B,#43B144
MK211323/CHE/ovibos/1982/MAstV13,CHE,ovibos,1982.0,MAstV13,33,16,#f322f3,bace,#E4D9EC,#9EB3E1
MK286562/CHE/sheep/1992/NA,CHE,sheep,1992.0,,32,15,#db92db,bad,#E0ACE7,#B98CDE
MK296753/IRL/human/2018/MAstV1,IRL,human,2018.0,MAstV1,13,0,#7fdd7f,bada,#7BEA3B,#43B144
MK378474/CHN/pig/2017/NA,CHN,pig,2017.0,,1,54,#39ec92,badb,#9BC3B9,#A8ECDD
MK378475/CHN/pig/2017/NA,CHN,pig,2017.0,,7,82,#2180c7,badc,#5ECBE7,#C57EA7
MK378498/CHN/pig/2017/NA,CHN,pig,2017.0,,36,21,#000000,badd,#ADEBBE,#787A7E
MK378505/CHN/pig/2017/NA,CHN,pig,2017.0,,1,54,#36ed91,bade,#9BC3B9,#A8ECDD
MK378521/CHN/pig/2017/NA,CHN,pig,2017.0,,0,44,#8bdbb3,bae,#E342C0,#B199B1
MK386569/URY/bull/2018/NA,URY,cow,2018.0,,34,16,#000000,baea,#DC6EBE,#9EB3E1
MK460230/CHN/pig/2017/NA,CHN,pig,2017.0,,1,32,#16f786,baeb,#9BC3B9,#4E75BB
MK460231/CHN/pig/2017/NA,CHN,pig,2017.0,,7,82,#7cacd1,baec,#5ECBE7,#C57EA7
MK613068/CHN/pig/2018/NA,CHN,pig,2018.0,,7,87,#68a4d0,baed,#5ECBE7,#CBABAA
MK618656/USA/human/2018/MAstV1,USA,human,2018.0,MAstV1,13,0,#5fe25f,baee,#7BEA3B,#43B144
MK671306/CHN/cat/2017/MAstV2,CHN,cat,2017.0,MAstV2,14,1,#a7c1da,bb,#DABFB0,#51EAEE
MK671307/CHN/cat/2017/MAstV2,CHN,cat,2017.0,MAstV2,14,1,#a0bdda,bba,#DABFB0,#51EAEE
MK671308/CHN/cat/2017/MAstV2,CHN,cat,2017.0,MAstV2,14,1,#75a9de,bbaa,#DABFB0,#51EAEE
MK671309/CHN/cat/2017/MAstV2,CHN,cat,2017.0,MAstV2,14,1,#bdccdb,bbab,#DABFB0,#51EAEE
MK671310/CHN/cat/2018/MAstV2,CHN,cat,2018.0,MAstV2,14,1,#62a2e2,bbac,#DABFB0,#51EAEE
MK671311/CHN/cat/2018/MAstV2,CHN,cat,2018.0,MAstV2,14,1,#afc4da,bbad,#DABFB0,#51EAEE
MK671312/CHN/cat/2018/MAstV2,CHN,cat,2018.0,MAstV2,14,1,#6ca6e0,bbae,#DABFB0,#51EAEE
MK671313/CHN/cat/2018/MAstV2,CHN,cat,2018.0,MAstV2,14,1,#b6c8db,bbb,#DABFB0,#51EAEE
MK962341/ESP/pig/2017/NA,ESP,pig,2017.0,,25,6,#a66492,bbba,#94ED85,#8FF1CE
MK962342/ESP/pig/2017/NA,ESP,pig,2017.0,,25,6,#a4618f,bbbb,#94ED85,#8FF1CE
MK987099/CHE/cow/2016/NA,CHE,cow,2016.0,,7,85,#8ab3d2,bbbc,#5ECBE7,#5413DB
MK987100/CHE/cow/2016/NA,CHE,cow,2016.0,,34,16,#000000,bbbd,#DC6EBE,#9EB3E1
MK987101/CHE/cow/2016/NA,CHE,cow,2016.0,,6,71,#f7f718,bbbe,#AE8EDF,#62CD9B
MK987102/CHE/cow/2016/NA,CHE,cow,2016.0,,6,69,#efef2e,bbc,#AE8EDF,#F19172
MK987103/CHE/cow/2016/NA,CHE,cow,2016.0,,34,16,#000000,bbca,#DC6EBE,#9EB3E1
MN148428/CHN/tiger/2018/MAstV2,CHN,tiger,2018.0,MAstV2,14,1,#589ee4,bbcb,#DABFB0,#51EAEE
MN150124/SVN/deer/2014/NA,SVN,deer,2014.0,,2,62,#e4a6d6,bbcc,#E3EEDD,#E9A2E8
MN150125/SVN/deer/2014/NA,SVN,deer,2014.0,,2,63,#e5a5d6,bbcd,#E3EEDD,#EE47BE
MN433703/USA/human/2013/MAstV1,USA,human,2013.0,MAstV1,13,0,#97da97,bbce,#7BEA3B,#43B144
MN433704/USA/human/2013/MAstV1,USA,human,2013.0,MAstV1,13,0,#95da95,bbd,#7BEA3B,#43B144
MN433705/USA/human/2014/MAstV1,USA,human,2014.0,MAstV1,13,0,#3eeb3e,bbda,#7BEA3B,#43B144
MN433706/USA/human/2014/MAstV1,USA,human,2014.0,MAstV1,13,0,#25f225,bbdb,#7BEA3B,#43B144
MN444721/USA/human/2017/MAstV1,USA,human,2017.0,MAstV1,13,0,#8adb8a,bbdc,#7BEA3B,#43B144
MN464146/ITA/cow/NA/NA,ITA,cow,,,34,16,#000000,bbdd,#DC6EBE,#9EB3E1
MN881999/CHN/dog/2019/MAstV5,CHN,dog,2019.0,MAstV5,16,3,#bddbbd,bbde,#7460DD,#8CF431
MN882001/CHN/dog/2019/MAstV5,CHN,dog,2019.0,MAstV5,16,3,#b1d6b1,bbe,#7460DD,#8CF431
MN882002/CHN/dog/2019/MAstV5,CHN,dog,2019.0,MAstV5,16,3,#b9d9b9,bbea,#7460DD,#8CF431
MN882003/CHN/dog/2019/MAstV5,CHN,dog,2019.0,MAstV5,16,3,#b7d9b7,bbeb,#7460DD,#8CF431
MN882004/CHN/dog/2019/MAstV5,CHN,dog,2019.0,MAstV5,16,3,#bbdabb,bbec,#7460DD,#8CF431
MN882005/CHN/dog/2019/MAstV5,CHN,dog,2019.0,MAstV5,16,3,#a8d1a8,bbed,#7460DD,#8CF431
MN882006/CHN/dog/2019/MAstV5,CHN,dog,2019.0,MAstV5,16,3,#aed4ae,bbee,#7460DD,#8CF431
MN882007/CHN/dog/2018/MAstV5,CHN,dog,2018.0,MAstV5,16,3,#aad2aa,bc,#7460DD,#8CF431
MN882008/CHN/dog/2018/MAstV5,CHN,dog,2018.0,MAstV5,16,3,#acd3ac,bca,#7460DD,#8CF431
MN882009/CHN/dog/2019/MAstV5,CHN,dog,2019.0,MAstV5,16,3,#afd5af,bcaa,#7460DD,#8CF431
MN882010/CHN/dog/2019/MAstV5,CHN,dog,2019.0,MAstV5,16,3,#a6d0a6,bcab,#7460DD,#8CF431
MT078247/USA/dog/2017/MAstV5,USA,dog,2017.0,MAstV5,16,3,#95c895,bcac,#7460DD,#8CF431
MT078248/USA/dog/2017/MAstV5,USA,dog,2017.0,MAstV5,16,3,#93c893,bcad,#7460DD,#8CF431
MT267476/ZAF/human/2015/MAstV1,ZAF,human,2015.0,MAstV1,13,0,#20f420,bcae,#7BEA3B,#43B144
MT267480/ZAF/human/2015/MAstV1,ZAF,human,2015.0,MAstV1,13,0,#4be74b,bcb,#7BEA3B,#43B144
MT267482/ZAF/human/2015/MAstV1,ZAF,human,2015.0,MAstV1,13,0,#7edd7e,bcba,#7BEA3B,#43B144
MT267483/ZAF/human/2015/MAstV1,ZAF,human,2015.0,MAstV1,13,0,#83dc83,bcbb,#7BEA3B,#43B144
MT432184/ITA/human/2018/MAstV9,ITA,human,2018.0,MAstV9,26,12,#267c16,bcbc,#6BE9AD,#F186B8
MT451917/KEN/pig/2012/NA,KEN,pig,2012.0,,7,82,#4997d1,bcbd,#5ECBE7,#C57EA7
MT451918/KEN/pig/2012/NA,KEN,pig,2012.0,,7,82,#80afd1,bcbe,#5ECBE7,#C57EA7
MT506231/CHN/rat/2016/NA,CHN,rat,2016.0,,9,102,#000000,bcc,#6794B0,#E7EFB5
MT549855/CHN/rat/2016/NA,CHN,rat,2016.0,,7,79,#b9ccda,bcca,#5ECBE7,#AD52E6
MT549858/CHN/rat/2016/NA,CHN,rat,2016.0,,19,23,#ccdbbd,bccb,#DD9A7E,#E8EC79
MT549859/CHN/rat/2016/NA,CHN,rat,2016.0,,19,23,#9ee25b,bccc,#DD9A7E,#E8EC79
MT549860/CHN/rat/2016/NA,CHN,rat,2016.0,,19,23,#bdd9a0,bccd,#DD9A7E,#E8EC79
MT642666/BEL/pig/2019/NA,BEL,pig,2019.0,,7,85,#9cbcd4,bcce,#5ECBE7,#5413DB
MT766320/CHN/human/2018/MAstV1,CHN,human,2018.0,MAstV1,13,0,#a8daa8,bcd,#7BEA3B,#43B144
MT766321/CHN/human/2018/MAstV1,CHN,human,2018.0,MAstV1,13,0,#5de35d,bcda,#7BEA3B,#43B144
MT766322/CHN/human/2018/MAstV1,CHN,human,2018.0,MAstV1,13,0,#94da94,bcdb,#7BEA3B,#43B144
MT766323/CHN/human/2018/MAstV1,CHN,human,2018.0,MAstV1,13,0,#a6daa6,bcdc,#7BEA3B,#43B144
MT766324/CHN/human/2018/MAstV1,CHN,human,2018.0,MAstV1,13,0,#92db92,bcdd,#7BEA3B,#43B144
MT766325/CHN/human/2018/MAstV6,CHN,human,2018.0,MAstV6,20,18,#9b72d5,bcde,#BE38E9,#D82FEC
MT766327/CHN/human/2018/MAstV6,CHN,human,2018.0,MAstV6,20,18,#a27dd5,bce,#BE38E9,#D82FEC
MT766328/CHN/human/2018/MAstV6,CHN,human,2018.0,MAstV6,20,18,#8d58d7,bcea,#BE38E9,#D82FEC
MT766329/CHN/human/2018/MAstV6,CHN,human,2018.0,MAstV6,20,18,#864bd8,bceb,#BE38E9,#D82FEC
MT832892/BRA/human/2015/MAstV1,BRA,human,2015.0,MAstV1,13,0,#9fda9f,bcec,#7BEA3B,#43B144
MT832893/BRA/human/2015/MAstV1,BRA,human,2015.0,MAstV1,13,0,#9ada9a,bced,#7BEA3B,#43B144
MT832895/BRA/human/2015/MAstV1,BRA,human,2015.0,MAstV1,13,0,#9cda9c,bcee,#7BEA3B,#43B144
MT832896/BRA/human/2015/MAstV1,BRA,human,2015.0,MAstV1,13,0,#9dda9d,bd,#7BEA3B,#43B144
MT894143/IND/dog/NA/MAstV5,IND,dog,,MAstV5,16,3,#a4cfa4,bda,#7460DD,#8CF431
MT906853/BRA/human/2014/MAstV1,BRA,human,2014.0,MAstV1,13,0,#4fe64f,bdaa,#7BEA3B,#43B144
MT906854/BRA/human/2015/MAstV1,BRA,human,2015.0,MAstV1,13,0,#53e553,bdab,#7BEA3B,#43B144
MT906855/BRA/human/2014/MAstV1,BRA,human,2014.0,MAstV1,13,0,#51e651,bdac,#7BEA3B,#43B144
MT906856/BRA/human/2015/MAstV1,BRA,human,2015.0,MAstV1,13,0,#29f129,bdad,#7BEA3B,#43B144
MT906858/BRA/human/2014/MAstV1,BRA,human,2014.0,MAstV1,13,0,#27f227,bdae,#7BEA3B,#43B144
MW037839/AUS/cat/2018/NA,AUS,cat,2018.0,,30,8,#000000,bdb,#7C8783,#93EE7B
MW037840/AUS/cat/2017/NA,AUS,cat,2017.0,,29,8,#000000,bdba,#E1447F,#93EE7B
MW037841/AUS/cat/2018/MAstV2,AUS,cat,2018.0,MAstV2,14,1,#87b1dc,bdbb,#DABFB0,#51EAEE
MW149253/HUN/rat/2017/NA,HUN,rat,2017.0,,19,23,#aedc80,bdbc,#DD9A7E,#E8EC79
MW164633/CAN/cat/2020/MAstV2,CAN,cat,2020.0,MAstV2,14,1,#4e9ae6,bdbd,#DABFB0,#51EAEE
MW373712/CHN/cow/2019/NA,CHN,cow,2019.0,,2,73,#dcbbd4,bdbe,#E3EEDD,#8ABD7D
MW373713/CHN/cow/2019/NA,CHN,cow,2019.0,,2,62,#dcb9d4,bdc,#E3EEDD,#E9A2E8
MW373714/CHN/cow/2019/NA,CHN,cow,2019.0,,2,62,#e3a8d5,bdca,#E3EEDD,#E9A2E8
MW373715/CHN/cow/2019/NA,CHN,cow,2019.0,,2,73,#ee91d8,bdcb,#E3EEDD,#8ABD7D
MW373716/CHN/cow/2019/NA,CHN,cow,2019.0,,3,64,#a3dada,bdcc,#CA66DC,#3BF067
MW373717/CHN/cow/2019/NA,CHN,cow,2019.0,,3,64,#7cdddd,bdcd,#CA66DC,#3BF067
MW373718/CHN/cow/2019/NA,CHN,cow,2019.0,,6,72,#dadaa0,bdce,#AE8EDF,#5BB9CE
MW373719/CHN/cow/2019/NA,CHN,cow,2019.0,,6,68,#dada98,bdd,#AE8EDF,#B8CFB5
MW373720/CHN/cow/2019/NA,CHN,cow,2019.0,,3,64,#1cf5f5,bdda,#CA66DC,#3BF067
MW450837/CHN/bat/2020/NA,CHN,bat,2020.0,MAstV18,35,17,#000000,bddb,#57A478,#E563F0
MW485039/KEN/human/2019/MAstV1,KEN,human,2019.0,MAstV1,13,0,#45e945,bddc,#7BEA3B,#43B144
MW485040/KEN/human/2019/MAstV1,KEN,human,2019.0,MAstV1,13,0,#43e943,bddd,#7BEA3B,#43B144
MW485042/KEN/human/2019/MAstV1,KEN,human,2019.0,MAstV1,13,0,#02fe02,bdde,#7BEA3B,#43B144
MW485043/KEN/human/2019/MAstV1,KEN,human,2019.0,MAstV1,13,0,#7cdd7c,bde,#7BEA3B,#43B144
MW504545/USA/pig/2018/NA,USA,pig,2018.0,,38,21,#000000,bdea,#E082A8,#787A7E
MW504546/USA/pig/2018/MAstV3,USA,pig,2018.0,MAstV3,15,2,#dbccbd,bdeb,#A5BBE6,#E97BD0
MW504550/USA/pig/2018/NA,USA,pig,2018.0,,1,37,#09fc82,bdec,#9BC3B9,#C8F6BF
MW504551/USA/pig/2018/NA,USA,pig,2018.0,,1,44,#06fd81,bded,#9BC3B9,#B199B1
MW504552/USA/pig/2018/NA,USA,pig,2018.0,,1,43,#0cfb83,bdee,#9BC3B9,#904C66
MW504553/USA/pig/2018/NA,USA,pig,2018.0,,1,43,#13f885,be,#9BC3B9,#904C66
MW504554/USA/pig/2018/NA,USA,pig,2018.0,,1,43,#10f984,bea,#9BC3B9,#904C66
MW504556/USA/pig/2018/NA,USA,pig,2018.0,,1,41,#03fe80,beaa,#9BC3B9,#C9C2AA
MW504557/USA/pig/2018/NA,USA,pig,2018.0,,1,33,#00ff7f,beab,#9BC3B9,#EBB4E3
MW504558/USA/pig/2018/NA,USA,pig,2018.0,,0,29,#96dab8,beac,#E342C0,#A19D82
MW504559/USA/pig/2018/NA,USA,pig,2018.0,,0,46,#7eddad,bead,#E342C0,#E6A3B5
MW504560/USA/pig/2018/NA,USA,pig,2018.0,,0,29,#72dfa8,beae,#E342C0,#A19D82
MW504561/USA/pig/2018/NA,USA,pig,2018.0,,0,29,#92dbb6,beb,#E342C0,#A19D82
MW504562/USA/pig/2018/NA,USA,pig,2018.0,,0,39,#61e2a1,beba,#E342C0,#8471A2
MW504563/USA/pig/2018/NA,USA,pig,2018.0,,0,39,#56e49d,bebb,#E342C0,#8471A2
MW504565/USA/pig/2018/NA,USA,pig,2018.0,,0,27,#77deaa,bebc,#E342C0,#CBEF84
MW504567/USA/pig/2018/NA,USA,pig,2018.0,,0,27,#74dea9,bebd,#E342C0,#CBEF84
MW504569/USA/pig/2018/NA,USA,pig,2018.0,,0,49,#6de0a6,bebe,#E342C0,#5AA0E6
MW504570/USA/pig/2018/NA,USA,pig,2018.0,,8,100,#02487c,bec,#E2C376,#B7E4EE
MW504571/USA/pig/2018/NA,USA,pig,2018.0,,7,99,#075690,beca,#5ECBE7,#AF37A7
MW504572/USA/pig/2018/NA,USA,pig,2018.0,,7,98,#3e93d2,becb,#5ECBE7,#56D7EF
MW504573/USA/pig/2018/NA,USA,pig,2018.0,,7,87,#6da6d0,becc,#5ECBE7,#CBABAA
MW504576/USA/pig/2018/NA,USA,pig,2018.0,,7,96,#06538c,becd,#5ECBE7,#ECAE93
MW504577/USA/pig/2018/NA,USA,pig,2018.0,,7,80,#055088,bece,#5ECBE7,#61CC77
MW653748/USA/pig/2018/NA,USA,pig,2018.0,,25,6,#bf8cb0,bed,#94ED85,#8FF1CE
MW653749/USA/pig/2018/NA,USA,pig,2018.0,,25,6,#c697b8,beda,#94ED85,#8FF1CE
MW653750/USA/pig/2019/NA,USA,pig,2019.0,,25,6,#b47aa2,bedb,#94ED85,#8FF1CE
MW653751/USA/pig/2019/NA,USA,pig,2019.0,,25,6,#d5b1ca,bedc,#94ED85,#8FF1CE
MW653752/USA/pig/2019/NA,USA,pig,2019.0,,25,6,#d3aec8,bedd,#94ED85,#8FF1CE
MW653753/USA/pig/2020/NA,USA,pig,2020.0,,25,6,#b67ea5,bede,#94ED85,#8FF1CE
MW732145/USA/pig/2020/NA,USA,pig,2020.0,,25,6,#cca2c0,bee,#94ED85,#8FF1CE
MW732146/USA/pig/2020/NA,USA,pig,2020.0,,25,6,#ca9fbd,beea,#94ED85,#8FF1CE
MW732148/USA/pig/2018/NA,USA,pig,2018.0,,25,6,#c394b5,beeb,#94ED85,#8FF1CE
MW732149/USA/pig/2020/NA,USA,pig,2020.0,,25,6,#dbbdd2,beec,#94ED85,#8FF1CE
MW732150/USA/pig/2020/NA,USA,pig,2020.0,,25,6,#d1aac5,beed,#94ED85,#8FF1CE
MW732151/USA/pig/2019/NA,USA,pig,2019.0,,25,6,#bb85aa,beee,#94ED85,#8FF1CE
MW732152/USA/pig/2020/NA,USA,pig,2020.0,,25,6,#c89bba,c,#94ED85,#8FF1CE
MW732153/USA/pig/2018/NA,USA,pig,2018.0,,25,6,#c190b2,ca,#94ED85,#8FF1CE
MW732155/USA/pig/2020/NA,USA,pig,2020.0,,25,6,#d9b9d0,caa,#94ED85,#8FF1CE
MW732156/USA/pig/2020/NA,USA,pig,2020.0,,25,6,#b881a8,caaa,#94ED85,#8FF1CE
MW732157/USA/pig/2020/NA,USA,pig,2020.0,,25,6,#cea6c2,caab,#94ED85,#8FF1CE
MW784069/CHN/pig/NA/NA,CHN,pig,,,0,27,#84dcb0,caac,#E342C0,#CBEF84
MW784070/CHN/pig/NA/NA,CHN,pig,,,7,101,#0c609f,caad,#5ECBE7,#F0D5DE
MW784071/CHN/pig/NA/NA,CHN,pig,,,7,79,#adc5d7,caae,#5ECBE7,#AD52E6
MW784073/CHN/pig/NA/NA,CHN,pig,,,7,82,#1d7bc1,cab,#5ECBE7,#C57EA7
MW784074/CHN/pig/NA/NA,CHN,pig,,,7,82,#2383ca,caba,#5ECBE7,#C57EA7
MW784076/CHN/pig/NA/NA,CHN,pig,,,0,48,#7bddac,cabb,#E342C0,#E6A3B5
MW784078/CHN/pig/NA/NA,CHN,pig,,,0,28,#9adaba,cabc,#E342C0,#EDD2C4
MW784079/CHN/pig/NA/NA,CHN,pig,,,0,47,#a6dac0,cabd,#E342C0,#5363EA
MW784081/CHN/pig/NA/NA,CHN,pig,,,1,37,#22f38a,cabe,#9BC3B9,#C8F6BF
MW784082/CHN/pig/NA/NA,CHN,pig,,,0,29,#98dab9,cac,#E342C0,#A19D82
MW784083/CHN/pig/NA/NA,CHN,pig,,,0,32,#59e49e,caca,#E342C0,#4E75BB
MW784084/CHN/pig/NA/NA,CHN,pig,,,8,95,#044e84,cacb,#E2C376,#DEF039
MW784090/CHN/pig/NA/NA,CHN,pig,,,7,91,#5e9fd0,cacc,#5ECBE7,#BEC9D3
MW784091/CHN/pig/NA/NA,CHN,pig,,,0,48,#82dcaf,cacd,#E342C0,#E6A3B5
MW784092/CHN/pig/NA/NA,CHN,pig,,,1,49,#24f28b,cace,#9BC3B9,#5AA0E6
MW784093/CHN/pig/NA/NA,CHN,pig,,,7,83,#2585cd,cad,#5ECBE7,#ECD0A6
MW784095/CHN/pig/NA/NA,CHN,pig,,,7,94,#1976bb,cada,#5ECBE7,#E5B571
MW784096/CHN/pig/NA/NA,CHN,pig,,,7,86,#2788d0,cadb,#5ECBE7,#AF37A7
MW784101/CHN/pig/NA/NA,CHN,pig,,,7,101,#b5cad9,cadc,#5ECBE7,#F0D5DE
MW784102/CHN/pig/NA/NA,CHN,pig,,,8,97,#034b80,cadd,#E2C376,#ECC6E5
MW784105/CHN/pig/NA/NA,CHN,pig,,,1,39,#2df08e,cade,#9BC3B9,#8471A2
MW784106/CHN/pig/NA/NA,CHN,pig,,,1,27,#1ff489,cae,#9BC3B9,#CBEF84
MW784108/CHN/pig/NA/NA,CHN,pig,,,0,30,#a4dabf,caea,#E342C0,#D6D5F2
MW784109/CHN/pig/NA/NA,CHN,pig,,,0,40,#5ee3a0,caeb,#E342C0,#799841
MW962975/CHN/pig/2020/NA,CHN,pig,2020.0,,7,87,#b1c7d8,caec,#5ECBE7,#CBABAA
MZ357118/CHN/rat/2020/NA,CHN,rat,2020.0,,11,75,#76baff,caed,#6494DE,#D1C05A
MZ603733/CHN/cow/2021/NA,CHN,cow,2021.0,,2,73,#f08dd9,caee,#E3EEDD,#8ABD7D
MZ707081/CHN/human/2020/MAstV6,CHN,human,2020.0,MAstV6,20,18,#af94d5,cb,#BE38E9,#D82FEC
MZ819164/CHL/pig/2017/NA,CHL,pig,2017.0,,1,44,#4ce799,cba,#9BC3B9,#B199B1
MZ819165/CHL/pig/2017/NA,CHL,pig,2017.0,,1,53,#49e898,cbaa,#9BC3B9,#B199B1
NC_002469/NA/sheep/NA/MAstV13,,sheep,,MAstV13,33,15,#ff00ff,cbab,#E4D9EC,#B98CDE
NC_011400/AUS/human/1999/MAstV6,AUS,human,1999.0,MAstV6,20,18,#5f11cd,cbac,#BE38E9,#D82FEC
NC_013060/USA/human/2008/MAstV9,USA,human,2008.0,MAstV9,26,12,#72c661,cbad,#6BE9AD,#F186B8
NC_013443/NGA/human/2007/MAstV8,NGA,human,2007.0,MAstV8,27,13,#dbbdc7,cbae,#D1E782,#6CDC42
NC_016896/HUN/pig/2011/NA,HUN,pig,2011.0,,7,82,#63a2d0,cbb,#5ECBE7,#C57EA7
NC_019494/USA/pig/2011/NA,USA,pig,2011.0,,25,6,#bd89ad,cbba,#94ED85,#8FF1CE
NC_022249/HKG/cat/2012/MAstV2,HKG,cat,2012.0,MAstV2,14,1,#007fff,cbbb,#DABFB0,#51EAEE
NC_023674/USA/pig/2010/NA,USA,pig,2010.0,,1,53,#51e69b,cbbc,#9BC3B9,#B199B1
NC_023675/USA/pig/2010/NA,USA,pig,2010.0,,7,78,#77aad1,cbbd,#5ECBE7,#B16F26
NC_024297/CHN/cow/2014/NA,CHN,cow,2014.0,,2,62,#deb4d4,cbbe,#E3EEDD,#E9A2E8
NC_024472/BFA/human/2010/NA,BFA,human,2010.0,,28,14,#000000,cbc,#DBAEC6,#7680E8
NC_024701/USA/cat/2013/NA,USA,cat,2013.0,,29,11,#000000,cbca,#E1447F,#A766CF
NC_025346/USA/rabbit/2010/NA,USA,rabbit,2010.0,,23,20,#000000,cbcb,#4EE568,#9FCAED
NC_025379/CHN/pig/2013/MAstV3,CHN,pig,2013.0,MAstV3,15,2,#e0a66c,cbcc,#A5BBE6,#E97BD0
NC_026814/GBR/dog/2012/MAstV5,GBR,dog,2012.0,MAstV5,16,3,#9ccc9c,cbcd,#7460DD,#8CF431
NC_027711/ARE/camel/2013/NA,ARE,camel,2013.0,,0,58,#bddbcc,cbce,#E342C0,#F57429
NC_033792/CHN/marmot/2013/NA,CHN,marmot,2013.0,,24,22,#000000,cbd,#E4423E,#69EF92
NC_033821/CHN/marmot/2013/NA,CHN,marmot,2013.0,,22,19,#000000,cbda,#6DE7DB,#C8DC89
NC_034974/KEN/pig/2012/NA,KEN,pig,2012.0,,0,39,#68e0a4,cbdb,#E342C0,#8471A2
OL689632/CHN/pig/2021/MAstV3,CHN,pig,2021.0,MAstV3,15,2,#ff7f00,cbdc,#A5BBE6,#E97BD0
OL695850/CHN/pig/2021/NA,CHN,pig,2021.0,,7,90,#549bd1,cbdd,#5ECBE7,#E3EDF5
OL695851/CHN/pig/2021/NA,CHN,pig,2021.0,,0,52,#5be39f,cbde,#E342C0,#EED98B
OL695852/CHN/pig/2021/NA,CHN,pig,2021.0,,1,50,#27f18c,cbe,#9BC3B9,#A2DCB3
OL695853/CHN/pig/2021/NA,CHN,pig,2021.0,,1,55,#2af18d,cbea,#9BC3B9,#E2CC3A
OL695854/CHN/pig/2021/NA,CHN,pig,2021.0,,0,31,#79ddab,cbeb,#E342C0,#B3ED9F
OL695856/CHN/pig/2021/NA,CHN,pig,2021.0,,0,51,#63e1a2,cbec,#E342C0,#885CDA
OL695857/CHN/pig/2021/NA,CHN,pig,2021.0,,0,45,#a8dac1,cbed,#E342C0,#378E5C
OM104031/ZAF/pig/2021/NA,ZAF,pig,2021.0,,0,38,#66e1a3,cbee,#E342C0,#92BBBA
ON191568/USA/cow/2020/NA,USA,cow,2020.0,,6,68,#ecec39,cc,#AE8EDF,#B8CFB5
ON571594/CHN/human/2019/MAstV1,CHN,human,2019.0,MAstV1,13,0,#41ea41,cca,#7BEA3B,#43B144
ON571595/CHN/human/2019/MAstV1,CHN,human,2019.0,MAstV1,13,0,#2bf02b,ccaa,#7BEA3B,#43B144
ON571596/CHN/human/2019/MAstV1,CHN,human,2019.0,MAstV1,13,0,#b0dab0,ccab,#7BEA3B,#43B144
ON571597/CHN/human/2019/MAstV1,CHN,human,2019.0,MAstV1,13,0,#abdaab,ccac,#7BEA3B,#43B144
ON571598/CHN/human/2021/MAstV1,CHN,human,2021.0,MAstV1,13,0,#62e262,ccad,#7BEA3B,#43B144
ON595824/AUS/cat/2017/MAstV2,AUS,cat,2017.0,MAstV2,14,1,#98b9da,ccae,#DABFB0,#51EAEE
ON595825/AUS/cat/2016/MAstV2,AUS,cat,2016.0,MAstV2,14,1,#4496e9,ccb,#DABFB0,#51EAEE
ON595826/AUS/cat/2017/MAstV2,AUS,cat,2017.0,MAstV2,14,1,#238bf3,ccba,#DABFB0,#51EAEE
ON595827/AUS/cat/2017/MAstV2,AUS,cat,2017.0,MAstV2,14,1,#1887f7,ccbb,#DABFB0,#51EAEE
ON595829/AUS/cat/2017/MAstV2,AUS,cat,2017.0,MAstV2,14,1,#0c83fb,ccbc,#DABFB0,#51EAEE
ON595830/AUS/cat/2016/MAstV2,AUS,cat,2016.0,MAstV2,14,1,#3992ec,ccbd,#DABFB0,#51EAEE
ON595831/AUS/cat/2017/MAstV2,AUS,cat,2017.0,MAstV2,14,1,#8fb5db,ccbe,#DABFB0,#51EAEE
ON624251/CHN/cow/2021/NA,CHN,cow,2021.0,,6,68,#e4e458,ccc,#AE8EDF,#B8CFB5
ON624252/CHN/cow/2021/NA,CHN,cow,2021.0,,37,21,#000000,ccca,#B2AF7D,#787A7E
ON624253/CHN/cow/2021/NA,CHN,cow,2021.0,,6,68,#dede75,cccb,#AE8EDF,#B8CFB5
ON624254/CHN/cow/2021/NA,CHN,cow,2021.0,,6,72,#dbdbbd,cccc,#AE8EDF,#5BB9CE
ON624255/CHN/cow/2021/NA,CHN,cow,2021.0,,2,73,#f780db,cccd,#E3EEDD,#8ABD7D
ON624256/CHN/cow/2021/NA,CHN,cow,2021.0,,6,68,#e2e262,ccce,#AE8EDF,#B8CFB5
ON624257/CHN/cow/2021/NA,CHN,cow,2021.0,,6,68,#e0e06c,ccd,#AE8EDF,#B8CFB5
ON624258/CHN/cow/2021/NA,CHN,cow,2021.0,,3,64,#bddbdb,ccda,#CA66DC,#3BF067
ON624259/CHN/cow/2021/NA,CHN,cow,2021.0,,3,64,#b5dada,ccdb,#CA66DC,#3BF067
ON624260/CHN/cow/2021/NA,CHN,cow,2021.0,,6,72,#dadaa7,ccdc,#AE8EDF,#5BB9CE
ON624262/CHN/cow/2021/NA,CHN,cow,2021.0,,3,65,#acdada,ccdd,#CA66DC,#E9698C
ON624263/CHN/cow/2021/NA,CHN,cow,2021.0,,6,72,#e6e64e,ccde,#AE8EDF,#5BB9CE
ON624264/CHN/cow/2021/NA,CHN,cow,2021.0,,2,73,#e0b1d5,cce,#E3EEDD,#8ABD7D
ON624265/CHN/cow/2021/NA,CHN,cow,2021.0,,2,73,#ef8fd9,ccea,#E3EEDD,#8ABD7D
ON624266/CHN/cow/2021/NA,CHN,cow,2021.0,,2,62,#dfb3d5,cceb,#E3EEDD,#E9A2E8
ON624267/CHN/cow/2021/NA,CHN,cow,2021.0,,2,73,#eb97d7,ccec,#E3EEDD,#8ABD7D
ON624268/CHN/cow/2021/NA,CHN,cow,2021.0,,2,35,#ea99d7,cced,#E3EEDD,#DB499A
ON624269/CHN/cow/2021/NA,CHN,cow,2021.0,,2,34,#ddb8d4,ccee,#E3EEDD,#45EEB9
ON624270/CHN/cow/2021/NA,CHN,cow,2021.0,,3,64,#5be3e3,cd,#CA66DC,#3BF067
ON624271/CHN/cow/2021/NA,CHN,cow,2021.0,,6,72,#dbdbb6,cda,#AE8EDF,#5BB9CE
ON624272/CHN/cow/2021/NA,CHN,cow,2021.0,,2,73,#ed93d8,cdaa,#E3EEDD,#8ABD7D
ON624273/CHN/cow/2021/NA,CHN,cow,2021.0,,2,73,#e0afd5,cdab,#E3EEDD,#8ABD7D
ON624274/CHN/cow/2021/NA,CHN,cow,2021.0,,3,65,#86dcdc,cdac,#CA66DC,#E9698C
ON624275/CHN/cow/2021/NA,CHN,cow,2021.0,,2,73,#f584da,cdad,#E3EEDD,#8ABD7D
ON624276/CHN/cow/2021/NA,CHN,cow,2021.0,,2,73,#f682db,cdae,#E3EEDD,#8ABD7D
ON624277/CHN/cow/2021/NA,CHN,cow,2021.0,,2,34,#e6a3d6,cdb,#E3EEDD,#45EEB9
ON624278/CHN/cow/2021/NA,CHN,cow,2021.0,,2,35,#f487da,cdba,#E3EEDD,#DB499A
ON624279/CHN/cow/2021/NA,CHN,cow,2021.0,,6,72,#dddd7e,cdbb,#AE8EDF,#5BB9CE
ON624280/CHN/cow/2021/NA,CHN,cow,2021.0,,2,35,#e99dd7,cdbc,#E3EEDD,#DB499A
ON624281/CHN/cow/2021/NA,CHN,cow,2021.0,,2,34,#e99bd7,cdbd,#E3EEDD,#45EEB9
ON624282/CHN/cow/2021/NA,CHN,cow,2021.0,,2,73,#ec95d8,cdbe,#E3EEDD,#8ABD7D
ON624283/CHN/cow/2021/NA,CHN,cow,2021.0,,3,64,#4fe6e6,cdc,#CA66DC,#3BF067
ON624284/CHN/cow/2021/NA,CHN,cow,2021.0,,2,62,#e89fd6,cdca,#E3EEDD,#E9A2E8
ON714996/ESP/pig/2017/NA,ESP,pig,2017.0,,1,53,#46e897,cdcb,#9BC3B9,#B199B1
ON714997/ESP/pig/2017/NA,ESP,pig,2017.0,,1,53,#44e996,cdcc,#9BC3B9,#B199B1
ON714998/ESP/pig/2017/NA,ESP,pig,2017.0,,0,24,#90dbb5,cdcd,#E342C0,#68F4E5
ON714999/ESP/pig/2017/NA,ESP,pig,2017.0,,0,24,#8ddbb4,cdce,#E342C0,#68F4E5
ON715001/ESP/pig/2017/NA,ESP,pig,2017.0,,25,6,#a25d8c,cdd,#94ED85,#8FF1CE
ON733251/HUN/dog/2021/MAstV5,HUN,dog,2021.0,MAstV5,16,3,#9acb9a,cdda,#7460DD,#8CF431
ON792967/ESP/pig/2017/NA,ESP,pig,2017.0,,7,78,#1773b8,cddb,#5ECBE7,#B16F26
ON792968/ESP/pig/2017/NA,ESP,pig,2017.0,,7,78,#146eb1,cddc,#5ECBE7,#B16F26
ON792969/ESP/pig/2018/NA,ESP,pig,2018.0,,7,78,#126bae,cddd,#5ECBE7,#B16F26
ON792970/ESP/pig/2017/NA,ESP,pig,2017.0,,7,78,#1068aa,cdde,#5ECBE7,#B16F26
ON792971/ESP/pig/2017/NA,ESP,pig,2017.0,,7,78,#0f66a7,cde,#5ECBE7,#B16F26
ON792972/ESP/pig/2018/NA,ESP,pig,2018.0,,7,78,#1570b4,cdea,#5ECBE7,#B16F26
ON885949/CHN/water-buffalo/2021/NA,CHN,water-buffalo,2021.0,,5,67,#000000,cdeb,#E3EBAE,#C15EC3
ON885950/CHN/water-buffalo/2021/NA,CHN,water-buffalo,2021.0,,5,67,#000000,cdec,#E3EBAE,#C15EC3
ON885951/CHN/water-buffalo/2021/NA,CHN,water-buffalo,2021.0,,5,67,#000000,cded,#E3EBAE,#C15EC3
OP076744/SAU/camel/2014/NA,SAU,camel,2014.0,,0,57,#b0dac5,cdee,#E342C0,#DD36CC
OP076747/SAU/camel/2014/NA,SAU,camel,2014.0,,1,59,#33ee90,ce,#9BC3B9,#EA4046
OP076748/SAU/camel/2014/NA,SAU,camel,2014.0,,0,58,#bbdbcb,cea,#E342C0,#F57429
OP076749/SAU/camel/2014/NA,SAU,camel,2014.0,,0,57,#b4dac7,ceaa,#E342C0,#DD36CC
OP076750/SAU/camel/2014/NA,SAU,camel,2014.0,,0,57,#b2dac6,ceab,#E342C0,#DD36CC
OP076765/CHN/camel/2015/NA,CHN,camel,2015.0,,1,36,#30ef8f,ceac,#9BC3B9,#68F4E5
OP076766/CHN/camel/2015/NA,CHN,camel,2015.0,,0,57,#aedac4,cead,#E342C0,#DD36CC
OP093957/BRA/dog/2019/MAstV5,BRA,dog,2019.0,MAstV5,16,3,#8fc68f,ceae,#7460DD,#8CF431
OP093958/BRA/dog/2019/MAstV5,BRA,dog,2019.0,MAstV5,16,3,#9ecd9e,ceb,#7460DD,#8CF431
OP331312/NA/cow/NA/NA,,cow,,,6,68,#dadaaf,ceba,#AE8EDF,#B8CFB5
OP432293/CHN/human/2021/MAstV1,CHN,human,2021.0,MAstV1,13,0,#66e166,cebb,#7BEA3B,#43B144
OP432294/CHN/human/2022/MAstV1,CHN,human,2022.0,MAstV1,13,0,#6ae06a,cebc,#7BEA3B,#43B144
OP432295/CHN/human/2022/MAstV1,CHN,human,2022.0,MAstV1,13,0,#60e260,cebd,#7BEA3B,#43B144
OP432296/CHN/human/2021/MAstV1,CHN,human,2021.0,MAstV1,13,0,#b2dab2,cebe,#7BEA3B,#43B144
OP432297/CHN/human/2022/MAstV1,CHN,human,2022.0,MAstV1,13,0,#6fdf6f,cec,#7BEA3B,#43B144
OP432298/CHN/human/2022/MAstV1,CHN,human,2022.0,MAstV1,13,0,#6ce06c,ceca,#7BEA3B,#43B144
OP432299/CHN/human/2021/MAstV1,CHN,human,2021.0,MAstV1,13,0,#64e164,cecb,#7BEA3B,#43B144
OP432300/CHN/human/2022/MAstV1,CHN,human,2022.0,MAstV1,13,0,#6edf6e,cecc,#7BEA3B,#43B144
OP432301/CHN/human/2022/MAstV1,CHN,human,2022.0,MAstV1,13,0,#68e068,cecd,#7BEA3B,#43B144
OQ198033/CHN/dog/2020/NA,CHN,dog,2020.0,,18,3,#7fbf7f,cece,#DFCD4B,#8CF431
OQ198035/CHN/dog/2020/NA,CHN,dog,2020.0,,17,5,#8dc58d,ced,#7C577E,#E7F1E1
OQ198038/CHN/dog/2020/NA,CHN,dog,2020.0,,17,3,#89c389,ceda,#7C577E,#8CF431
OQ198039/CHN/dog/2020/NA,CHN,dog,2020.0,,17,4,#87c287,cedb,#7C577E,#A29FEB
OQ198040/CHN/dog/2020/NA,CHN,dog,2020.0,,17,3,#83c183,cedc,#7C577E,#8CF431
OQ198041/CHN/dog/2020/NA,CHN,dog,2020.0,,17,3,#85c285,cedd,#7C577E,#8CF431
OQ198042/CHN/dog/2020/NA,CHN,dog,2020.0,,3,65,#9adada,cede,#CA66DC,#E9698C
OQ198043/CHN/dog/2020/NA,CHN,dog,2020.0,,6,72,#dbdb8f,cee,#AE8EDF,#5BB9CE
OQ198045/CHN/dog/2020/NA,CHN,dog,2020.0,,17,5,#8bc48b,ceea,#7C577E,#E7F1E1
OQ198046/CHN/dog/2020/NA,CHN,dog,2020.0,,6,72,#dcdc87,ceeb,#AE8EDF,#5BB9CE
OQ198050/CHN/dog/2020/NA,CHN,dog,2020.0,,3,64,#90dbdb,ceec,#CA66DC,#3BF067
OQ198051/CHN/dog/2020/NA,CHN,dog,2020.0,,2,62,#e7a1d6,ceed,#E3EEDD,#E9A2E8
OQ968302/CHN/human/2020/MAstV1,CHN,human,2020.0,MAstV1,13,0,#a0daa0,ceee,#7BEA3B,#43B144
OQ968303/CHN/human/2020/MAstV1,CHN,human,2020.0,MAstV1,13,0,#b3dab3,d,#7BEA3B,#43B144
OQ968304/CHN/human/2020/MAstV1,CHN,human,2020.0,MAstV1,13,0,#afdaaf,da,#7BEA3B,#43B144
OQ968305/CHN/human/2021/MAstV1,CHN,human,2021.0,MAstV1,13,0,#aedaae,daa,#7BEA3B,#43B144
OQ968306/CHN/human/2021/MAstV1,CHN,human,2021.0,MAstV1,13,0,#acdaac,daaa,#7BEA3B,#43B144
OQ968307/CHN/human/2021/MAstV1,CHN,human,2021.0,MAstV1,13,0,#a9daa9,daab,#7BEA3B,#43B144
OQ968308/CHN/human/2020/MAstV6,CHN,human,2020.0,MAstV6,20,18,#bda9d7,daac,#BE38E9,#D82FEC
OQ968310/CHN/human/2020/MAstV6,CHN,human,2020.0,MAstV6,20,18,#b69fd6,daad,#BE38E9,#D82FEC
OQ968311/CHN/human/2020/MAstV6,CHN,human,2020.0,MAstV6,20,18,#a989d5,daae,#BE38E9,#D82FEC
OQ968312/CHN/human/2021/MAstV8,CHN,human,2021.0,MAstV8,27,13,#da6089,dab,#D1E782,#6CDC42
Z25771/NA/human/NA/MAstV1,,human,,MAstV1,13,0,#90db90,daba,#7BEA3B,#43B144
