GBAC,isolate,country,host,collection_date,taxon,orf1b_aa,orf1b_nt-0.3,orf1b_nt
NC_043098/NA/LD71/bat/NA/MAstV12,NA,LD71,bat,NA,MAstV12,22,20,29
NC_043100/NA/LD77/bat/NA/MAstV15,NA,LD77,bat,NA,MAstV15,18,15,22
NC_043102/NA/AFCD337/bat/NA/MAstV18,NA,AFCD337,bat,NA,MAstV18,29,2,44
NC_043103/NA/LD38/bat/NA/MAstV19,NA,LD38,bat,NA,MAstV19,21,23,48
EU847146/NA/WCF140/bat/NA/NA,NA,WCF140,bat,NA,NA,24,16,23
EU847147/NA/WCF98/bat/NA/NA,NA,WCF98,bat,NA,NA,23,2,54
EU847148/NA/WCF90/bat/NA/NA,NA,WCF90,bat,NA,NA,25,2,34
EU847149/NA/WCF4/bat/NA/NA,NA,WCF4,bat,NA,NA,25,2,2
EU847150/NA/AFCD82/bat/NA/NA,NA,AFCD82,bat,NA,NA,23,2,3
EU847151/NA/AFCD77/bat/NA/NA,NA,AFCD77,bat,NA,NA,23,2,4
EU847152/NA/AFCD74/bat/NA/NA,NA,AFCD74,bat,NA,NA,25,2,34
EU847153/NA/AFCD68/bat/NA/NA,NA,AFCD68,bat,NA,NA,25,2,4
EU847154/NA/WCF214/bat/NA/NA,NA,WCF214,bat,NA,NA,25,2,35
FJ571068/NA/LS11/bat/NA/NA,NA,LS11,bat,NA,NA,26,23,39
MW450837/NA/BF2-astro-YN-CHN-2020/bat/NA/NA,NA,BF2-astro-YN-CHN-2020,bat,NA,NA,25,2,41
NC_043096/NA/NA/bottlenose-dolphin/NA/MAstV7,NA,NA,bottlenose-dolphin,NA,MAstV7,33,25,47
MW853971/NA/AstroV-HMU-1/california-sea-lion/NA/MAstV11,NA,AstroV-HMU-1,california-sea-lion,NA,MAstV11,28,13,27
NC_027711/NA/DcAstV-274/camel/NA/NA,NA,DcAstV-274,camel,NA,NA,0,5,9
KR868721/NA/DcAstV-169/camel/NA/NA,NA,DcAstV-169,camel,NA,NA,0,5,9
KR868722/NA/DcAstV-64/camel/NA/NA,NA,DcAstV-64,camel,NA,NA,0,5,9
KR868723/NA/DcAstV-135/camel/NA/NA,NA,DcAstV-135,camel,NA,NA,0,5,9
OP076744/NA/DcAstV-Jd70-KSA-2014/camel/NA/NA,NA,DcAstV-Jd70-KSA-2014,camel,NA,NA,0,5,9
OP076746/NA/DcAstV-Jd76-KSA-2014/camel/NA/NA,NA,DcAstV-Jd76-KSA-2014,camel,NA,NA,0,5,13
OP076747/NA/DcAstV-Jd53-KSA-2014/camel/NA/NA,NA,DcAstV-Jd53-KSA-2014,camel,NA,NA,0,5,13
OP076748/NA/DcAstV-Jd57-KSA-2014/camel/NA/NA,NA,DcAstV-Jd57-KSA-2014,camel,NA,NA,0,5,9
OP076749/NA/DcAstV-Jd67-KSA-2014/camel/NA/NA,NA,DcAstV-Jd67-KSA-2014,camel,NA,NA,0,5,9
OP076750/NA/DcAstV-Jd74-KSA-2014/camel/NA/NA,NA,DcAstV-Jd74-KSA-2014,camel,NA,NA,0,5,9
OP076765/NA/BcAstV-NMG31-CHN-2015/camel/NA/NA,NA,BcAstV-NMG31-CHN-2015,camel,NA,NA,0,5,13
OP076766/NA/BcAstV-NMG59-CHN-2015/camel/NA/NA,NA,BcAstV-NMG59-CHN-2015,camel,NA,NA,0,5,9
NC_022249/NA/NA/cat/NA/MAstV2,NA,NA,cat,NA,MAstV2,3,6,8
NC_024701/NA/FAstV-D1/cat/NA/NA,NA,FAstV-D1,cat,NA,NA,20,0,0
KF374704/NA/Viseu/cat/NA/MAstV2,NA,Viseu,cat,NA,MAstV2,3,6,8
KM017742/NA/FAstV-D2/cat/NA/MAstV2,NA,FAstV-D2,cat,NA,MAstV2,3,6,8
KM017743/NA/FAstV-D3/cat/NA/MAstV2,NA,FAstV-D3,cat,NA,MAstV2,3,6,8
MK671306/NA/MAV2-17CC0308/cat/NA/MAstV2,NA,MAV2-17CC0308,cat,NA,MAstV2,3,6,8
MK671307/NA/MAV2-17HRB0511/cat/NA/MAstV2,NA,MAV2-17HRB0511,cat,NA,MAstV2,3,6,8
MK671308/NA/MAV2-17JL0318/cat/NA/MAstV2,NA,MAV2-17JL0318,cat,NA,MAstV2,3,6,8
MK671309/NA/MAV2-17SP0801/cat/NA/MAstV2,NA,MAV2-17SP0801,cat,NA,MAstV2,3,6,8
MK671310/NA/MAV2-18CC0502/cat/NA/MAstV2,NA,MAV2-18CC0502,cat,NA,MAstV2,3,6,8
MK671311/NA/MAV2-18JL0310/cat/NA/MAstV2,NA,MAV2-18JL0310,cat,NA,MAstV2,3,6,8
MK671312/NA/MAV2-18JL0705/cat/NA/MAstV2,NA,MAV2-18JL0705,cat,NA,MAstV2,3,6,8
MK671313/NA/MAV2-18SY0803/cat/NA/MAstV2,NA,MAV2-18SY0803,cat,NA,MAstV2,3,6,8
MW037839/NA/NA/cat/NA/NA,NA,NA,cat,NA,NA,19,28,51
MW037840/NA/NA/cat/NA/NA,NA,NA,cat,NA,NA,20,0,0
MW037841/NA/NA/cat/NA/MAstV2,NA,NA,cat,NA,MAstV2,3,6,8
MW164633/NA/BC-SPCA/cat/NA/MAstV2,NA,BC-SPCA,cat,NA,MAstV2,3,6,8
ON595824/NA/FPV-1/cat/NA/MAstV2,NA,FPV-1,cat,NA,MAstV2,3,6,8
ON595825/NA/FPV-2/cat/NA/MAstV2,NA,FPV-2,cat,NA,MAstV2,3,6,8
ON595826/NA/FPV-3/cat/NA/MAstV2,NA,FPV-3,cat,NA,MAstV2,3,6,8
ON595827/NA/FPV-4/cat/NA/MAstV2,NA,FPV-4,cat,NA,MAstV2,3,6,8
ON595829/NA/FPV-6/cat/NA/MAstV2,NA,FPV-6,cat,NA,MAstV2,3,6,8
ON595830/NA/FPV-8/cat/NA/MAstV2,NA,FPV-8,cat,NA,MAstV2,3,6,8
ON595831/NA/FPV-10/cat/NA/MAstV2,NA,FPV-10,cat,NA,MAstV2,3,6,8
NC_023629/NA/NA/cow/NA/NA,NA,NA,cow,NA,NA,0,5,32
NC_023630/NA/NA/cow/NA/NA,NA,NA,cow,NA,NA,0,5,7
NC_023631/NA/NA/cow/NA/NA,NA,NA,cow,NA,NA,0,5,7
NC_023632/NA/NA/cow/NA/NA,NA,NA,cow,NA,NA,0,5,32
NC_024297/NA/NA/cow/NA/NA,NA,NA,cow,NA,NA,0,5,7
KJ620980/NA/NA/cow/NA/NA,NA,NA,cow,NA,NA,0,5,7
KP264970/NA/BSRI-1/cow/NA/NA,NA,BSRI-1,cow,NA,NA,13,10,15
KT956903/NA/CH15/cow/NA/NA,NA,CH15,cow,NA,NA,5,14,45
LC047787/NA/NA/cow/NA/NA,NA,NA,cow,NA,NA,0,5,7
LC047788/NA/NA/cow/NA/NA,NA,NA,cow,NA,NA,0,5,12
LC047789/NA/NA/cow/NA/NA,NA,NA,cow,NA,NA,0,5,12
LC047790/NA/NA/cow/NA/NA,NA,NA,cow,NA,NA,13,10,15
LC047791/NA/NA/cow/NA/NA,NA,NA,cow,NA,NA,0,5,12
LC047792/NA/NA/cow/NA/NA,NA,NA,cow,NA,NA,0,5,12
LC047793/NA/NA/cow/NA/NA,NA,NA,cow,NA,NA,9,12,18
LC047794/NA/NA/cow/NA/NA,NA,NA,cow,NA,NA,0,5,12
LC047795/NA/NA/cow/NA/NA,NA,NA,cow,NA,NA,0,5,12
LC047796/NA/NA/cow/NA/NA,NA,NA,cow,NA,NA,0,5,7
LC047797/NA/NA/cow/NA/NA,NA,NA,cow,NA,NA,0,5,7
LC047798/NA/NA/cow/NA/NA,NA,NA,cow,NA,NA,13,10,15
LC047799/NA/NA/cow/NA/NA,NA,NA,cow,NA,NA,0,5,12
LC047800/NA/NA/cow/NA/NA,NA,NA,cow,NA,NA,13,10,15
LC047801/NA/NA/cow/NA/NA,NA,NA,cow,NA,NA,0,5,12
LC341267/NA/NA/cow/NA/MAstV13hm,NA,NA,cow,NA,NA,14,19,28
MK386569/NA/NA/bull/NA/MAstV13hm,NA,NA,cow,NA,NA,14,19,28
MK987099/NA/BoAstV-VC34-338/cow/NA/NA,NA,BoAstV-VC34-338,cow,NA,NA,7,4,6
MK987100/NA/BoAstV-VC34-346/cow/NA/MAstV13hm,NA,BoAstV-VC34-346,cow,NA,NA,14,19,28
MK987101/NA/BoAstV-VC34-375/cow/NA/NA,NA,BoAstV-VC34-375,cow,NA,NA,13,10,15
MK987102/NA/BoAstV-VC65-693/cow/NA/NA,NA,BoAstV-VC65-693,cow,NA,NA,13,10,15
MK987103/NA/BoAstV-VC65-698/cow/NA/MAstV13hm,NA,BoAstV-VC65-698,cow,NA,NA,14,19,28
MT758371/NA/Egy-1/cow/NA/NA,NA,Egy-1,cow,NA,NA,0,5,12
MW373712/NA/BoAstv-CHN-Hebei-1-2019/cow/NA/NA,NA,BoAstv-CHN-Hebei-1-2019,cow,NA,NA,0,5,7
MW373713/NA/BoAstv-CHN-Hunan-1-2019/cow/NA/NA,NA,BoAstv-CHN-Hunan-1-2019,cow,NA,NA,0,5,7
MW373714/NA/BoAstv-CHN-HLJ-2-2019/cow/NA/NA,NA,BoAstv-CHN-HLJ-2-2019,cow,NA,NA,0,5,7
MW373715/NA/BoAstv-CHN-HLJ-1-2019/cow/NA/NA,NA,BoAstv-CHN-HLJ-1-2019,cow,NA,NA,0,5,7
MW373716/NA/BoAstv-CHN-SD-1-2019/cow/NA/NA,NA,BoAstv-CHN-SD-1-2019,cow,NA,NA,0,5,12
MW373717/NA/BoAstv-CHN-Hubei-1-2019/cow/NA/NA,NA,BoAstv-CHN-Hubei-1-2019,cow,NA,NA,0,5,12
MW373718/NA/BoAstv-CHN-Henan-2-2019/cow/NA/NA,NA,BoAstv-CHN-Henan-2-2019,cow,NA,NA,13,10,15
MW373719/NA/BoAstv-CHN-Henan-1-2019/cow/NA/NA,NA,BoAstv-CHN-Henan-1-2019,cow,NA,NA,13,10,15
MW373720/NA/BoAstv-CHN-JL-1-2019/cow/NA/NA,NA,BoAstv-CHN-JL-1-2019,cow,NA,NA,0,5,12
MW810338/NA/NA/calf/NA/NA,NA,NA,cow,NA,NA,0,5,7
MZ475060/NA/NA/cow/NA/MAstV13hm,NA,NA,cow,NA,NA,14,19,28
MZ603733/NA/BoAstV-CN-HB-SJZ-2021/cow/NA/NA,NA,BoAstV-CN-HB-SJZ-2021,cow,NA,NA,0,5,7
ON191568/NA/NA/cow/NA/NA,NA,NA,cow,NA,NA,13,10,15
ON552247/NA/NA/cow/NA/NA,NA,NA,cow,NA,NA,13,10,15
ON624251/NA/NA/cow/NA/NA,NA,NA,cow,NA,NA,13,10,15
ON624252/NA/NA/cow/NA/NA,NA,NA,cow,NA,NA,9,12,18
ON624253/NA/NA/cow/NA/NA,NA,NA,cow,NA,NA,13,10,15
ON624254/NA/NA/cow/NA/NA,NA,NA,cow,NA,NA,13,10,15
ON624255/NA/NA/cow/NA/NA,NA,NA,cow,NA,NA,0,5,7
ON624256/NA/NA/cow/NA/NA,NA,NA,cow,NA,NA,13,10,15
ON624257/NA/NA/cow/NA/NA,NA,NA,cow,NA,NA,13,10,15
ON624258/NA/NA/cow/NA/NA,NA,NA,cow,NA,NA,0,5,12
ON624259/NA/NA/cow/NA/NA,NA,NA,cow,NA,NA,0,5,12
ON624262/NA/NA/cow/NA/NA,NA,NA,cow,NA,NA,0,5,12
ON624264/NA/NA/cow/NA/NA,NA,NA,cow,NA,NA,0,5,7
ON624265/NA/NA/cow/NA/NA,NA,NA,cow,NA,NA,0,5,7
ON624266/NA/NA/cow/NA/NA,NA,NA,cow,NA,NA,0,5,7
ON624267/NA/NA/cow/NA/NA,NA,NA,cow,NA,NA,0,5,7
ON624268/NA/NA/cow/NA/NA,NA,NA,cow,NA,NA,0,5,7
ON624269/NA/NA/cow/NA/NA,NA,NA,cow,NA,NA,0,5,7
ON624270/NA/NA/cow/NA/NA,NA,NA,cow,NA,NA,0,5,12
ON624272/NA/NA/cow/NA/NA,NA,NA,cow,NA,NA,0,5,7
ON624273/NA/NA/cow/NA/NA,NA,NA,cow,NA,NA,0,5,7
ON624274/NA/NA/cow/NA/NA,NA,NA,cow,NA,NA,0,5,12
ON624275/NA/NA/cow/NA/NA,NA,NA,cow,NA,NA,0,5,7
ON624276/NA/NA/cow/NA/NA,NA,NA,cow,NA,NA,0,5,7
ON624277/NA/NA/cow/NA/NA,NA,NA,cow,NA,NA,0,5,7
ON624278/NA/NA/cow/NA/NA,NA,NA,cow,NA,NA,0,5,7
ON624279/NA/NA/cow/NA/NA,NA,NA,cow,NA,NA,13,10,15
ON624280/NA/NA/cow/NA/NA,NA,NA,cow,NA,NA,0,5,7
ON624281/NA/NA/cow/NA/NA,NA,NA,cow,NA,NA,0,5,7
ON624282/NA/NA/cow/NA/NA,NA,NA,cow,NA,NA,0,5,7
ON624283/NA/NA/cow/NA/NA,NA,NA,cow,NA,NA,0,5,12
ON624284/NA/NA/cow/NA/NA,NA,NA,cow,NA,NA,0,5,7
HQ916315/NA/NA/cow/NA/NA,NA,NA,cow,NA,NA,0,5,7
MN464146/NA/NA/cow/NA/MAstV13hm,NA,NA,cow,NA,NA,14,19,28
OP331312/NA/NA/NA/NA/NA,NA,NA,cow,NA,NA,13,10,15
KY765684/NA/NA/crab-eating-fox/NA/MAstV5,NA,NA,crab-eating-fox,NA,MAstV5,6,7,26
MN150124/NA/NA/deer/NA/NA,NA,NA,deer,NA,NA,0,5,7
MN150125/NA/NA/deer/NA/NA,NA,NA,deer,NA,NA,0,5,7
KX599350/NA/NA/dog/NA/MAstV5,NA,NA,dog,NA,MAstV5,6,7,26
KX599352/NA/NA/dog/NA/NA,NA,NA,dog,NA,NA,6,7,10
KX756441/NA/DD1/dog/NA/MAstV5,NA,DD1,dog,NA,MAstV5,6,7,26
MK026166/NA/DF-BC15-CAV-AUS-2017/dog/NA/MAstV5,NA,DF-BC15-CAV-AUS-2017,dog,NA,MAstV5,6,7,26
MN881999/NA/NA/dog/NA/MAstV5,NA,NA,dog,NA,MAstV5,6,7,26
MN882000/NA/NA/dog/NA/MAstV5,NA,NA,dog,NA,MAstV5,6,7,26
MN882001/NA/NA/dog/NA/MAstV5,NA,NA,dog,NA,MAstV5,6,7,26
MN882002/NA/NA/dog/NA/MAstV5,NA,NA,dog,NA,MAstV5,6,7,26
MN882003/NA/NA/dog/NA/MAstV5,NA,NA,dog,NA,MAstV5,6,7,26
MN882004/NA/NA/dog/NA/MAstV5,NA,NA,dog,NA,MAstV5,6,7,26
MN882005/NA/NA/dog/NA/MAstV5,NA,NA,dog,NA,MAstV5,6,7,26
MN882006/NA/NA/dog/NA/MAstV5,NA,NA,dog,NA,MAstV5,6,7,26
MN882007/NA/NA/dog/NA/MAstV5,NA,NA,dog,NA,MAstV5,6,7,26
MN882008/NA/NA/dog/NA/MAstV5,NA,NA,dog,NA,MAstV5,6,7,26
MN882009/NA/NA/dog/NA/MAstV5,NA,NA,dog,NA,MAstV5,6,7,26
MN882010/NA/NA/dog/NA/MAstV5,NA,NA,dog,NA,MAstV5,6,7,26
MT078247/NA/MN1-USA-ORF-2017/dog/NA/MAstV5,NA,MN1-USA-ORF-2017,dog,NA,MAstV5,6,7,26
MT078248/NA/MN2-USA-2017/dog/NA/MAstV5,NA,MN2-USA-2017,dog,NA,MAstV5,6,7,26
ON733251/NA/NA/dog/NA/MAstV5,NA,NA,dog,NA,MAstV5,6,7,26
OP093957/NA/PK03/dog/NA/MAstV5,NA,PK03,dog,NA,MAstV5,6,7,26
OP093958/NA/PK01/dog/NA/MAstV5,NA,PK01,dog,NA,MAstV5,6,7,26
OQ198033/NA/AstroviridaeDogfe437C1full/dog/NA/NA,NA,AstroviridaeDogfe437C1full,dog,NA,NA,6,7,10
OQ198035/NA/AstroviridaeDogfe376C1full/dog/NA/NA,NA,AstroviridaeDogfe376C1full,dog,NA,NA,6,7,43
OQ198038/NA/AstroviridaeDogfe360C3full/dog/NA/NA,NA,AstroviridaeDogfe360C3full,dog,NA,NA,6,7,43
OQ198039/NA/AstroviridaeDogfe352C7full/dog/NA/NA,NA,AstroviridaeDogfe352C7full,dog,NA,NA,6,7,43
OQ198040/NA/AstroviridaeDogfe352C1full/dog/NA/NA,NA,AstroviridaeDogfe352C1full,dog,NA,NA,6,7,43
OQ198041/NA/AstroviridaeDogfe351C1full/dog/NA/NA,NA,AstroviridaeDogfe351C1full,dog,NA,NA,6,7,43
OQ198042/NA/AstroviridaeDogfe346C1full/dog/NA/NA,NA,AstroviridaeDogfe346C1full,dog,NA,NA,0,5,12
OQ198043/NA/AstroviridaeDogfe338C1full/dog/NA/NA,NA,AstroviridaeDogfe338C1full,dog,NA,NA,13,10,15
OQ198044/NA/AstroviridaeDogfe337C1full/dog/NA/NA,NA,AstroviridaeDogfe337C1full,dog,NA,NA,31,26,49
OQ198045/NA/AstroviridaeDogfe331C1full/dog/NA/NA,NA,AstroviridaeDogfe331C1full,dog,NA,NA,6,7,43
OQ198046/NA/AstroviridaeDogfe326C3full/dog/NA/NA,NA,AstroviridaeDogfe326C3full,dog,NA,NA,13,10,15
OQ198047/NA/AstroviridaeDogfe326C1full/dog/NA/NA,NA,AstroviridaeDogfe326C1full,dog,NA,NA,17,1,30
OQ198048/NA/AstroviridaeDogfe325C1full/dog/NA/NA,NA,AstroviridaeDogfe325C1full,dog,NA,NA,13,10,15
OQ198050/NA/AstroviridaeDogfe316C2full/dog/NA/NA,NA,AstroviridaeDogfe316C2full,dog,NA,NA,0,5,12
OQ198051/NA/AstroviridaeDogfe316C1full/dog/NA/NA,NA,AstroviridaeDogfe316C1full,dog,NA,NA,0,5,7
MF973500/NA/NA/dog/NA/MAstV5,NA,NA,dog,NA,MAstV5,6,7,26
MF973501/NA/NA/dog/NA/MAstV5,NA,NA,dog,NA,MAstV5,6,7,26
MT894143/NA/PVNRTVU2020/dog/NA/MAstV5,NA,PVNRTVU2020,dog,NA,MAstV5,6,7,26
NC_026814/NA/NA/NA/NA/MAstV5,NA,NA,dog,,MAstV5,6,7,26
KP404150/NA/NA/NA/NA/MAstV5,NA,NA,dog,,MAstV5,6,7,26
NC_013060/NA/VA1/human/NA/MAstV9,NA,VA1,human,NA,MAstV9,12,18,25
NC_013443/NA/NI-295/human/NA/MAstV8,NA,NI-295,human,NA,MAstV8,16,17,24
NC_024472/NA/NA/human/NA/,NA,NA,human,NA,NA,4,29,53
AB740319/NA/IDH1300/human/NA/MAstV1,NA,IDH1300,human,NA,MAstV1,30,3,5
AB740320/NA/IDH1309/human/NA/MAstV1,NA,IDH1309,human,NA,MAstV1,3,3,5
AB740321/NA/IDH1371/human/NA/MAstV1,NA,IDH1371,human,NA,MAstV1,30,3,5
AB740322/NA/IDH1448/human/NA/MAstV1,NA,IDH1448,human,NA,MAstV1,3,3,5
AB740323/NA/IDH1451/human/NA/MAstV1,NA,IDH1451,human,NA,MAstV1,30,3,5
AB740324/NA/IDH2211/human/NA/MAstV1,NA,IDH2211,human,NA,MAstV1,30,3,5
AB740325/NA/IDH2455/human/NA/MAstV1,NA,IDH2455,human,NA,MAstV1,30,3,5
AB823731/NA/BtnMLB1-40/human/NA/MAstV6,NA,BtnMLB1-40,human,NA,MAstV6,8,9,14
AB823732/NA/BtnMLB1-86/human/NA/MAstV6,NA,BtnMLB1-86,human,NA,MAstV6,8,9,14
GQ267696/NA/SZ908/human/NA/MAstV9,NA,SZ908,human,NA,MAstV9,12,18,25
GQ495608/NA/192-BJ07-CHN/human/NA/MAstV1,NA,192-BJ07-CHN,human,NA,MAstV1,3,3,5
GQ502193/NA/VA2-human-Stl-WD0680-2009/human/NA/MAstV8,NA,VA2-human-Stl-WD0680-2009,human,NA,MAstV8,16,17,24
GQ891990/NA/SG/human/NA/MAstV9,NA,SG,human,NA,MAstV9,12,18,25
GQ901902/NA/Rus-Nsc09-B4/human/NA/MAstV1,NA,Rus-Nsc09-B4,human,NA,MAstV1,3,3,5
GU223905/NA/Rus-Nsc03-H191/human/NA/MAstV1,NA,Rus-Nsc03-H191,human,NA,MAstV1,3,3,5
GU732187/NA/Rus-Nsc08-3364/human/NA/MAstV1,NA,Rus-Nsc08-3364,human,NA,MAstV1,3,3,5
HM450380/NA/MLB1-HK05/human/NA/MAstV6,NA,MLB1-HK05,human,NA,MAstV6,8,9,14
HM484374/NA/VS34/human/NA/MAstV9,NA,VS34,human,NA,MAstV9,12,18,25
JF491403/NA/HAstV-1-RUS-Novosibirsk-Nsc10-N52-2010/human/NA/MAstV1,NA,HAstV-1-RUS-Novosibirsk-Nsc10-N52-2010,human,NA,MAstV1,3,3,5
JF491430/NA/Rus-Nsc04-H355/human/NA/MAstV1,NA,Rus-Nsc04-H355,human,NA,MAstV1,3,3,5
JN887820/NA/NA/human/NA/MAstV1,NA,NA,human,NA,MAstV1,30,3,5
JQ086552/NA/SY071/human/NA/MAstV6,NA,SY071,human,NA,MAstV6,8,9,14
JQ403108/NA/DL030/human/NA/MAstV1,NA,DL030,human,NA,MAstV1,30,3,5
KC285152/NA/HAstV-2-RUS-Novosibirsk-Nsc11-N2411-2011/human/NA/MAstV1,NA,HAstV-2-RUS-Novosibirsk-Nsc11-N2411-2011,human,NA,MAstV1,30,3,5
KF039910/NA/Rus-Nsc05-430/NA/NA/MAstV1,NA,Rus-Nsc05-430,human,NA,MAstV1,3,3,5
KF039911/NA/Rus-Nsc06-1029/NA/NA/MAstV1,NA,Rus-Nsc06-1029,human,NA,MAstV1,3,3,5
KF039912/NA/Rus-Nsc05-623/NA/NA/MAstV1,NA,Rus-Nsc05-623,human,NA,MAstV1,30,3,5
KF039913/NA/Rus-Nsc10-N358/NA/NA/MAstV1,NA,Rus-Nsc10-N358,human,NA,MAstV1,3,3,5
KJ656124/NA/VA5-human-Gambia-102139-2009/human/NA/,NA,VA5-human-Gambia-102139-2009,human,NA,NA,4,29,53
KP862744/NA/kor85/human/NA/MAstV1,NA,kor85,human,NA,MAstV1,3,3,5
KY933670/NA/C-P5/human/NA/MAstV9,NA,C-P5,human,NA,MAstV9,12,18,25
LC064152/NA/NA/human/NA/MAstV6,NA,NA,human,NA,MAstV6,8,9,14
LC694985/NA/HAstV3-190610-Tokyo-2019/human/NA/MAstV1,NA,HAstV3-190610-Tokyo-2019,human,NA,MAstV1,3,3,5
LC694986/NA/HAstV1-211185-Tokyo-2022/human/NA/MAstV1,NA,HAstV1-211185-Tokyo-2022,human,NA,MAstV1,3,3,5
LC694987/NA/HAstV1-210984-Tokyo-2021/human/NA/MAstV1,NA,HAstV1-210984-Tokyo-2021,human,NA,MAstV1,3,3,5
LC694988/NA/HAstV1-210963-Tokyo-2021/human/NA/MAstV1,NA,HAstV1-210963-Tokyo-2021,human,NA,MAstV1,30,3,5
LC694989/NA/HAstV1-210956-Tokyo-2021/human/NA/MAstV1,NA,HAstV1-210956-Tokyo-2021,human,NA,MAstV1,30,3,5
LC694990/NA/HAstV1-181937-Tokyo-2018/human/NA/MAstV1,NA,HAstV1-181937-Tokyo-2018,human,NA,MAstV1,30,3,5
LC694991/NA/HAstV1-210764-Tokyo-2021/human/NA/MAstV1,NA,HAstV1-210764-Tokyo-2021,human,NA,MAstV1,30,3,5
LC694992/NA/HAstV1-210628-Tokyo-2021/human/NA/MAstV1,NA,HAstV1-210628-Tokyo-2021,human,NA,MAstV1,3,3,5
LC694993/NA/HAstV1-193061-Tokyo-2020/human/NA/MAstV1,NA,HAstV1-193061-Tokyo-2020,human,NA,MAstV1,30,3,5
LC694994/NA/HAstV1-193055-Tokyo-2020/human/NA/MAstV1,NA,HAstV1-193055-Tokyo-2020,human,NA,MAstV1,30,3,5
LC694995/NA/HAstV1-192642-Tokyo-2020/human/NA/MAstV1,NA,HAstV1-192642-Tokyo-2020,human,NA,MAstV1,30,3,5
LC694996/NA/HAstV1-181290-Tokyo-2018/human/NA/MAstV1,NA,HAstV1-181290-Tokyo-2018,human,NA,MAstV1,30,3,5
LC694997/NA/HAstV1-181289-Tokyo-2018/human/NA/MAstV1,NA,HAstV1-181289-Tokyo-2018,human,NA,MAstV1,30,3,5
LC694998/NA/MLB1-210966-Tokyo-2021/human/NA/MAstV6,NA,MLB1-210966-Tokyo-2021,human,NA,MAstV6,8,9,14
LC694999/NA/MLB1-210750-Tokyo-2021/human/NA/MAstV6,NA,MLB1-210750-Tokyo-2021,human,NA,MAstV6,8,9,14
LC695000/NA/MLB1-210749-Tokyo-2021/human/NA/MAstV6,NA,MLB1-210749-Tokyo-2021,human,NA,MAstV6,8,9,14
LC732122/NA/Child-with-acute-gastroenteritis/human/NA/MAstV1,NA,Child-with-acute-gastroenteritis,human,NA,MAstV1,3,3,5
LC732123/NA/Child-with-acute-gastroenteritis/human/NA/MAstV1,NA,Child-with-acute-gastroenteritis,human,NA,MAstV1,3,3,5
LC732124/NA/Child-with-acute-gastroenteritis/human/NA/MAstV1,NA,Child-with-acute-gastroenteritis,human,NA,MAstV1,3,3,5
LC732125/NA/Child-with-acute-gastroenteritis/human/NA/NA,NA,Child-with-acute-gastroenteritis,human,NA,NA,8,9,36
MF684776/NA/2013-Fuzhou-85/human/NA/MAstV1,NA,2013-Fuzhou-85,human,NA,MAstV1,3,3,5
MG932612/NA/HAstV-4-RUS-Novosibirsk-NS17-A878-2017/human/NA/MAstV1,NA,HAstV-4-RUS-Novosibirsk-NS17-A878-2017,human,NA,MAstV1,3,3,5
MH446377/NA/HAstV-1-RUS-Novosibirsk-NS18-A1443-2018/human/NA/MAstV1,NA,HAstV-1-RUS-Novosibirsk-NS18-A1443-2018,human,NA,MAstV1,3,3,5
MK296753/NA/17W1028/human/NA/MAstV1,NA,17W1028,human,NA,MAstV1,30,3,5
MK618656/NA/CA-RGDS-1016/human/NA/MAstV1,NA,CA-RGDS-1016,human,NA,MAstV1,3,3,5
MN433703/NA/NA/human/NA/MAstV1,NA,NA,human,NA,MAstV1,30,3,5
MN433704/NA/NA/human/NA/MAstV1,NA,NA,human,NA,MAstV1,30,3,5
MN433705/NA/NA/human/NA/MAstV1,NA,NA,human,NA,MAstV1,3,3,5
MN433706/NA/NA/human/NA/MAstV1,NA,NA,human,NA,MAstV1,30,3,5
MN444721/NA/NA/human/NA/MAstV1,NA,NA,human,NA,MAstV1,3,3,5
MT267476/NA/NA/human/NA/MAstV1,NA,NA,human,NA,MAstV1,30,3,5
MT267480/NA/NA/human/NA/MAstV1,NA,NA,human,NA,MAstV1,3,3,5
MT267482/NA/NA/human/NA/MAstV1,NA,NA,human,NA,MAstV1,3,3,5
MT267484/NA/NA/human/NA/MAstV1,NA,NA,human,NA,MAstV1,3,3,5
MT432184/NA/ITA-2018-205-18-5/human/NA/MAstV9,NA,ITA-2018-205-18-5,human,NA,MAstV9,12,18,25
MT832892/NA/TO-98/human/NA/MAstV1,NA,TO-98,human,NA,MAstV1,30,3,5
MT832893/NA/TO-160/human/NA/MAstV1,NA,TO-160,human,NA,MAstV1,30,3,5
MT832894/NA/TO-162/human/NA/MAstV1,NA,TO-162,human,NA,MAstV1,30,3,5
MT832895/NA/TO-171/human/NA/MAstV1,NA,TO-171,human,NA,MAstV1,30,3,5
MT832896/NA/TO-208/human/NA/MAstV1,NA,TO-208,human,NA,MAstV1,30,3,5
MT832897/NA/TO-161/human/NA/MAstV1,NA,TO-161,human,NA,MAstV1,30,3,5
MT906853/NA/BRA-TO-207/human/NA/MAstV1,NA,BRA-TO-207,human,NA,MAstV1,3,3,5
MT906854/NA/BRA-TO-71/human/NA/MAstV1,NA,BRA-TO-71,human,NA,MAstV1,3,3,5
MT906855/NA/BRA-TO-26/human/NA/MAstV1,NA,BRA-TO-26,human,NA,MAstV1,3,3,5
MT906856/NA/BRA-TO-65/human/NA/MAstV1,NA,BRA-TO-65,human,NA,MAstV1,30,3,5
MT906857/NA/BRA-TO-40/human/NA/MAstV1,NA,BRA-TO-40,human,NA,MAstV1,30,3,5
MT906858/NA/BRA-TO-57/human/NA/MAstV1,NA,BRA-TO-57,human,NA,MAstV1,30,3,5
MT906859/NA/BRA-TO-32/human/NA/MAstV1,NA,BRA-TO-32,human,NA,MAstV1,30,3,5
MW485040/NA/NA/human/NA/MAstV1,NA,NA,human,NA,MAstV1,3,3,5
MW485042/NA/NA/human/NA/MAstV1,NA,NA,human,NA,MAstV1,3,3,5
MW485043/NA/NA/human/NA/MAstV1,NA,NA,human,NA,MAstV1,3,3,5
MZ707081/NA/WYL077032/human/NA/MAstV6,NA,WYL077032,human,NA,MAstV6,8,9,14
ON571594/NA/2019-Fuzhou-26/human/NA/MAstV1,NA,2019-Fuzhou-26,human,NA,MAstV1,3,3,5
ON571595/NA/2019-Fuzhou-289/human/NA/MAstV1,NA,2019-Fuzhou-289,human,NA,MAstV1,3,3,5
ON571596/NA/2019-Fuzhou-306/human/NA/MAstV1,NA,2019-Fuzhou-306,human,NA,MAstV1,3,3,5
ON571597/NA/2019-Pingtan-42/human/NA/MAstV1,NA,2019-Pingtan-42,human,NA,MAstV1,3,3,5
ON571598/NA/2021-Fuzhou-37/human/NA/MAstV1,NA,2021-Fuzhou-37,human,NA,MAstV1,3,3,5
OP432293/NA/HAstV-4-RC-21027/human/NA/MAstV1,NA,HAstV-4-RC-21027,human,NA,MAstV1,3,3,5
OP432294/NA/HAstV-4-QD-L-22040/human/NA/MAstV1,NA,HAstV-4-QD-L-22040,human,NA,MAstV1,3,3,5
OP432295/NA/HAstV-4-QD-F-22056/human/NA/MAstV1,NA,HAstV-4-QD-F-22056,human,NA,MAstV1,3,3,5
OP432297/NA/HAstV-4-QD-L-22001/human/NA/MAstV1,NA,HAstV-4-QD-L-22001,human,NA,MAstV1,3,3,5
OP432298/NA/HAstV-4-QD-S-22015/human/NA/MAstV1,NA,HAstV-4-QD-S-22015,human,NA,MAstV1,3,3,5
OP432299/NA/HAstV-4-RC-21045/human/NA/MAstV1,NA,HAstV-4-RC-21045,human,NA,MAstV1,3,3,5
OP432300/NA/HAstV-4-QD-S-22022/human/NA/MAstV1,NA,HAstV-4-QD-S-22022,human,NA,MAstV1,3,3,5
OP432301/NA/HAstV-4-QD-L-22019/human/NA/MAstV1,NA,HAstV-4-QD-L-22019,human,NA,MAstV1,3,3,5
OQ968302/NA/20259-SD-CHN-HAstV-1/human/NA/MAstV1,NA,20259-SD-CHN-HAstV-1,human,NA,MAstV1,30,3,5
OQ968303/NA/20286-SD-CHN-HAstV-1/human/NA/MAstV1,NA,20286-SD-CHN-HAstV-1,human,NA,MAstV1,3,3,5
OQ968304/NA/20307-SD-CHN-HAstV-1/human/NA/MAstV1,NA,20307-SD-CHN-HAstV-1,human,NA,MAstV1,3,3,5
OQ968305/NA/21047-SD-CHN-HAstV-1/human/NA/MAstV1,NA,21047-SD-CHN-HAstV-1,human,NA,MAstV1,30,3,5
OQ968306/NA/21048-SD-CHN-HAstV-1/human/NA/MAstV1,NA,21048-SD-CHN-HAstV-1,human,NA,MAstV1,30,3,5
OQ968307/NA/21079-SD-CHN-HAstV-1/human/NA/MAstV1,NA,21079-SD-CHN-HAstV-1,human,NA,MAstV1,30,3,5
OQ968308/NA/20155-SD-CHN-MLB1/human/NA/MAstV6,NA,20155-SD-CHN-MLB1,human,NA,MAstV6,8,9,14
OQ968309/NA/20238-SD-CHN-MLB1/human/NA/MAstV6,NA,20238-SD-CHN-MLB1,human,NA,MAstV6,8,9,14
OQ968310/NA/20248-SD-CHN-MLB1/human/NA/MAstV6,NA,20248-SD-CHN-MLB1,human,NA,MAstV6,8,9,14
OQ968311/NA/20274-SD-CHN-MLB1/human/NA/MAstV6,NA,20274-SD-CHN-MLB1,human,NA,MAstV6,8,9,14
OQ968312/NA/21153-SD-CHN-VA2/human/NA/MAstV8,NA,21153-SD-CHN-VA2,human,NA,MAstV8,16,17,24
AF260508/NA/NA/NA/NA/MAstV1,NA,NA,human,NA,MAstV1,3,3,5
AY720891/NA/NA/NA/NA/MAstV1,NA,NA,human,NA,MAstV1,30,3,5
AY720892/NA/NA/NA/NA/MAstV1,NA,NA,human,NA,MAstV1,30,3,5
DQ028633/NA/Goiania-GO-12-94-Brazil/NA/NA/MAstV1,NA,Goiania-GO-12-94-Brazil,human,NA,MAstV1,3,3,5
DQ070852/NA/Goiania-GO-12-95-Brazil/NA/NA/MAstV1,NA,Goiania-GO-12-95-Brazil,human,NA,MAstV1,3,3,5
DQ344027/NA/Guangzhou/NA/NA/MAstV1,NA,Guangzhou,human,NA,MAstV1,3,3,5
HM237363/NA/Katano/NA/NA/MAstV1,NA,Katano,human,NA,MAstV1,30,3,5
MK059949/NA/NA/human/NA/MAstV1,NA,NA,human,NA,MAstV1,3,3,5
MK059950/NA/NA/human/NA/MAstV1,NA,NA,human,NA,MAstV1,30,3,5
MK059951/NA/NA/human/NA/MAstV1,NA,NA,human,NA,MAstV1,3,3,5
MK059952/NA/NA/human/NA/MAstV1,NA,NA,human,NA,MAstV1,3,3,5
MK059953/NA/NA/human/NA/MAstV1,NA,NA,human,NA,MAstV1,30,3,5
MK059954/NA/NA/human/NA/MAstV1,NA,NA,human,NA,MAstV1,30,3,5
MK059955/NA/NA/human/NA/MAstV1,NA,NA,human,NA,MAstV1,30,3,5
MK059956/NA/NA/human/NA/MAstV1,NA,NA,human,NA,MAstV1,30,3,5
Z25771/NA/NA/NA/NA/MAstV1,NA,NA,human,NA,MAstV1,3,3,5
NC_011400/NA/MLB1/NA/NA/MAstV6,NA,MLB1,human,NA,MAstV6,8,9,14
FJ402983/NA/NA/NA/NA/MAstV6,NA,NA,human,,MAstV6,8,9,14
KJ920196/NA/HMO-CLondon1/NA/NA/MAstV9,NA,HMO-CLondon1,human,NA,MAstV9,12,18,25
KJ920197/NA/HMO-CLondon2/NA/NA/MAstV9,NA,HMO-CLondon2,human,NA,MAstV9,12,18,25
MZ603071/NA/HAstV-MLB1-RVAB/NA/NA/MAstV6,NA,HAstV-MLB1-RVAB,human,NA,MAstV6,8,9,14
MZ603076/NA/HAstV-VA2-RVAB/NA/NA/MAstV8,NA,HAstV-VA2-RVAB,human,NA,MAstV8,16,17,24
KM358468/NA/NA/NA/NA/MAstV9,NA,NA,human,,MAstV9,12,18,25
KM401565/NA/NA/NA/NA/MAstV9,NA,NA,human,,MAstV9,12,18,25
NC_033792/NA/HHMAstV1/marmot/NA/NA,NA,HHMAstV1,marmot,NA,NA,32,27,50
NC_033821/NA/HHMAstV2/marmot/NA/NA,NA,HHMAstV2,marmot,NA,NA,2,22,38
GU985458/NA/SMS-AstV/mink/NA/MAstV10,NA,SMS-AstV,mink,NA,MAstV10,28,13,19
MK211323/NA/NA/ovibos/NA/MAstV13,NA,NA,ovibos,NA,MAstV13,5,14,21
LT898424/NA/PAstV-GER-L00919-K17-14-02-2014/NA/NA/NA,NA,PAstV-GER-L00919-K17-14-02-2014,pig,NA,NA,1,8,11
LT898434/NA/PAstV-GER-L00855-K14-14-04-2014/NA/NA/NA,NA,PAstV-GER-L00855-K14-14-04-2014,pig,NA,NA,0,5,9
MW784069/NA/7-168877/NA/NA/NA,NA,7-168877,pig,NA,NA,0,5,9
MW784070/NA/7-333329/NA/NA/NA,NA,7-333329,pig,NA,NA,7,4,6
MW784071/NA/8-286142/NA/NA/NA,NA,8-286142,pig,NA,NA,7,4,6
MW784072/NA/9-123138/NA/NA/NA,NA,9-123138,pig,NA,NA,0,5,9
MW784073/NA/67-73244/NA/NA/NA,NA,67-73244,pig,NA,NA,7,4,6
MW784074/NA/68-5299/NA/NA/NA,NA,68-5299,pig,NA,NA,7,4,6
MW784075/NA/85-137625/NA/NA/NA,NA,85-137625,pig,NA,NA,0,5,13
MW784076/NA/86-105857/NA/NA/NA,NA,86-105857,pig,NA,NA,0,5,9
MW784077/NA/86-165985/NA/NA/NA,NA,86-165985,pig,NA,NA,0,5,9
MW784078/NA/87-370059/NA/NA/NA,NA,87-370059,pig,NA,NA,0,5,9
MW784079/NA/226-105986/NA/NA/NA,NA,226-105986,pig,NA,NA,0,5,9
MW784081/NA/227-2671/NA/NA/NA,NA,227-2671,pig,NA,NA,0,5,13
MW784082/NA/227-342448/NA/NA/NA,NA,227-342448,pig,NA,NA,0,5,9
MW784083/NA/227-67505/NA/NA/NA,NA,227-67505,pig,NA,NA,0,5,9
MW784084/NA/228-114947/NA/NA/NA,NA,228-114947,pig,NA,NA,7,4,31
MW784087/NA/276-120415/NA/NA/NA,NA,276-120415,pig,NA,NA,0,5,9
MW784088/NA/276-151000/NA/NA/NA,NA,276-151000,pig,NA,NA,7,4,6
MW784090/NA/286-165764/NA/NA/NA,NA,286-165764,pig,NA,NA,7,4,6
MW784091/NA/287-203354/NA/NA/NA,NA,287-203354,pig,NA,NA,0,5,9
MW784092/NA/287-60804/NA/NA/NA,NA,287-60804,pig,NA,NA,0,5,13
MW784093/NA/288-122863/NA/NA/NA,NA,288-122863,pig,NA,NA,7,4,6
MW784095/NA/138bR-178666/NA/NA/NA,NA,138bR-178666,pig,NA,NA,7,4,6
MW784096/NA/275R-116493/NA/NA/NA,NA,275R-116493,pig,NA,NA,7,4,6
MW784098/NA/302R-449000/NA/NA/NA,NA,302R-449000,pig,NA,NA,0,5,52
MW784100/NA/R49-1743887/NA/NA/NA,NA,R49-1743887,pig,NA,NA,0,5,20
MW784101/NA/R67-109978/NA/NA/NA,NA,R67-109978,pig,NA,NA,7,4,6
MW784102/NA/R67-15434/NA/NA/NA,NA,R67-15434,pig,NA,NA,7,4,31
MW784105/NA/R69-151373/NA/NA/NA,NA,R69-151373,pig,NA,NA,0,5,13
MW784106/NA/R96-75684/NA/NA/NA,NA,R96-75684,pig,NA,NA,0,5,13
MW784107/NA/s68-431397/NA/NA/NA,NA,s68-431397,pig,NA,NA,7,4,6
MW784108/NA/s68-555025/NA/NA/NA,NA,s68-555025,pig,NA,NA,0,5,9
MW784109/NA/s68-796037/NA/NA/NA,NA,s68-796037,pig,NA,NA,0,5,9
NC_016896/NA/NA/pig/NA/NA,NA,NA,pig,NA,NA,7,4,6
NC_019494/NA/US-MO123/pig/NA/NA,NA,US-MO123,pig,NA,NA,1,8,11
NC_023674/NA/NA/pig/NA/NA,NA,NA,pig,NA,NA,0,5,13
NC_023675/NA/NA/pig/NA/NA,NA,NA,pig,NA,NA,7,4,6
NC_025379/NA/PAstV-GX1/pig/NA/MAstV3,NA,PAstV-GX1,pig,NA,MAstV3,3,6,33
NC_034974/NA/K321/pig/NA/NA,NA,K321,pig,NA,NA,0,5,9
GQ914773/NA/NA/pig/NA/MAstV3,NA,NA,pig,NA,MAstV3,3,6,33
JF713712/NA/NA/pig/NA/NA,NA,NA,pig,NA,NA,0,5,13
JX556690/NA/AstV2-US-IA122/pig/NA/NA,NA,AstV2-US-IA122,pig,NA,NA,0,5,13
JX556692/NA/AstV4-US-IL135/pig/NA/NA,NA,AstV4-US-IL135,pig,NA,NA,7,4,6
KJ495986/NA/NA/pig/NA/NA,NA,NA,pig,NA,NA,0,5,13
KP747573/NA/AstV-LL-1/pig/NA/NA,NA,AstV-LL-1,pig,NA,NA,0,5,9
KP747574/NA/AstV-LL-2/pig/NA/NA,NA,AstV-LL-2,pig,NA,NA,9,12,17
KP759770/NA/KNU14-07/pig/NA/NA,NA,KNU14-07,pig,NA,NA,0,5,9
KT892954/NA/1791/pig/NA/NA,NA,1791,pig,NA,NA,7,4,6
KT892958/NA/3330/pig/NA/NA,NA,3330,pig,NA,NA,7,4,6
KT892961/NA/4331/pig/NA/NA,NA,4331,pig,NA,NA,7,4,6
KT892964/NA/7351v2/pig/NA/NA,NA,7351v2,pig,NA,NA,0,5,13
KU764484/NA/15-13/pig/NA/NA,NA,15-13,pig,NA,NA,7,4,6
KU764485/NA/15-14/pig/NA/NA,NA,15-14,pig,NA,NA,7,4,6
KU764486/NA/15-12/pig/NA/NA,NA,15.дек,pig,NA,NA,7,4,6
KX033447/NA/NA/pig/NA/NA,NA,NA,pig,NA,NA,7,4,6
KX060808/NA/NA/pig/NA/NA,NA,NA,pig,NA,NA,7,4,6
KX060809/NA/NA/pig/NA/NA,NA,NA,pig,NA,NA,7,4,6
KY073229/NA/NA/pig/NA/NA,NA,NA,pig,NA,NA,1,8,11
KY073231/NA/NA/pig/NA/NA,NA,NA,pig,NA,NA,1,8,11
KY073232/NA/NA/pig/NA/NA,NA,NA,pig,NA,NA,1,8,11
KY933398/NA/K456/pig/NA/NA,NA,K456,pig,NA,NA,7,4,6
KY933399/NA/U460/pig/NA/NA,NA,U460,pig,NA,NA,1,8,40
KY940075/NA/K451/pig/NA/NA,NA,K451,pig,NA,NA,7,4,31
KY940077/NA/U083/pig/NA/NA,NA,U083,pig,NA,NA,0,5,9
KY940545/NA/NA/pig/NA/NA,NA,NA,pig,NA,NA,1,8,11
LC201585/NA/NA/pig/NA/NA,NA,NA,pig,NA,NA,0,5,13
LC201586/NA/NA/pig/NA/NA,NA,NA,pig,NA,NA,0,5,13
LC201587/NA/NA/pig/NA/NA,NA,NA,pig,NA,NA,0,5,9
LC201588/NA/NA/pig/NA/NA,NA,NA,pig,NA,NA,0,5,9
LC201589/NA/NA/pig/NA/NA,NA,NA,pig,NA,NA,0,5,13
LC201590/NA/NA/pig/NA/NA,NA,NA,pig,NA,NA,0,5,9
LC201591/NA/NA/pig/NA/NA,NA,NA,pig,NA,NA,0,5,9
LC201592/NA/NA/pig/NA/NA,NA,NA,pig,NA,NA,0,5,9
LC201593/NA/NA/pig/NA/NA,NA,NA,pig,NA,NA,0,5,9
LC201594/NA/NA/pig/NA/NA,NA,NA,pig,NA,NA,0,5,13
LC201595/NA/NA/pig/NA/NA,NA,NA,pig,NA,NA,1,8,11
LC201596/NA/NA/pig/NA/NA,NA,NA,pig,NA,NA,1,8,11
LC201597/NA/NA/pig/NA/NA,NA,NA,pig,NA,NA,1,8,11
LC201598/NA/NA/pig/NA/NA,NA,NA,pig,NA,NA,1,8,11
LC201599/NA/NA/pig/NA/NA,NA,NA,pig,NA,NA,1,8,11
LC201600/NA/NA/pig/NA/NA,NA,NA,pig,NA,NA,7,4,6
LC201601/NA/NA/pig/NA/NA,NA,NA,pig,NA,NA,7,4,6
LC201602/NA/NA/pig/NA/NA,NA,NA,pig,NA,NA,7,4,6
LC201603/NA/NA/pig/NA/NA,NA,NA,pig,NA,NA,7,4,6
LC201604/NA/NA/pig/NA/NA,NA,NA,pig,NA,NA,7,4,6
LC201605/NA/NA/pig/NA/NA,NA,NA,pig,NA,NA,7,4,6
LC201606/NA/NA/pig/NA/NA,NA,NA,pig,NA,NA,7,4,6
LC201607/NA/NA/pig/NA/NA,NA,NA,pig,NA,NA,7,4,6
LC201608/NA/NA/pig/NA/NA,NA,NA,pig,NA,NA,7,4,6
LC201609/NA/NA/pig/NA/NA,NA,NA,pig,NA,NA,7,4,6
LC201610/NA/NA/pig/NA/NA,NA,NA,pig,NA,NA,7,4,6
LC201611/NA/NA/pig/NA/NA,NA,NA,pig,NA,NA,7,4,6
LC201612/NA/NA/pig/NA/NA,NA,NA,pig,NA,NA,7,4,6
LC201613/NA/NA/pig/NA/NA,NA,NA,pig,NA,NA,7,4,6
LC201614/NA/NA/pig/NA/NA,NA,NA,pig,NA,NA,7,4,6
MG930777/NA/NA/pig/NA/NA,NA,NA,pig,NA,NA,0,5,9
MH425243/NA/TJ060606/pig/NA/NA,NA,TJ060606,pig,NA,NA,7,4,6
MK378474/NA/PoAstV-VIRES-GX03-C2/pig/NA/NA,NA,PoAstV-VIRES-GX03-C2,pig,NA,NA,0,5,13
MK378475/NA/PoAstV-VIRES-GX03-C3/pig/NA/NA,NA,PoAstV-VIRES-GX03-C3,pig,NA,NA,7,4,6
MK378498/NA/PoAstV-VIRES-GZ04-C6/pig/NA/NA,NA,PoAstV-VIRES-GZ04-C6,pig,NA,NA,9,12,17
MK378505/NA/PoAstV-VIRES-HeB02-C1/pig/NA/NA,NA,PoAstV-VIRES-HeB02-C1,pig,NA,NA,0,5,13
MK378516/NA/PoAstV-VIRES-HeB04-C3/pig/NA/NA,NA,PoAstV-VIRES-HeB04-C3,pig,NA,NA,9,12,17
MK378521/NA/PoAstV-VIRES-HLJ01-C2/pig/NA/NA,NA,PoAstV-VIRES-HLJ01-C2,pig,NA,NA,0,5,9
MK378522/NA/PoAstV-VIRES-HLJ01-C3/pig/NA/NA,NA,PoAstV-VIRES-HLJ01-C3,pig,NA,NA,9,12,17
MK378528/NA/PoAstV-VIRES-HLJ01-C9/pig/NA/NA,NA,PoAstV-VIRES-HLJ01-C9,pig,NA,NA,0,5,13
MK378535/NA/PoAstV-VIRES-HuB01-C2/pig/NA/NA,NA,PoAstV-VIRES-HuB01-C2,pig,NA,NA,7,4,6
MK378536/NA/PoAstV-VIRES-HuN01-C1/pig/NA/NA,NA,PoAstV-VIRES-HuN01-C1,pig,NA,NA,7,4,6
MK378537/NA/PoAstV-VIRES-HuN01-C2/pig/NA/NA,NA,PoAstV-VIRES-HuN01-C2,pig,NA,NA,7,4,6
MK378538/NA/PoAstV-VIRES-HuN01-C3/pig/NA/NA,NA,PoAstV-VIRES-HuN01-C3,pig,NA,NA,0,5,13
MK378539/NA/PoAstV-VIRES-JL01-C1/pig/NA/NA,NA,PoAstV-VIRES-JL01-C1,pig,NA,NA,7,4,6
MK378540/NA/PoAstV-VIRES-JL01-C2/pig/NA/NA,NA,PoAstV-VIRES-JL01-C2,pig,NA,NA,9,12,17
MK378548/NA/PoAstV-VIRES-NM01-C1/pig/NA/NA,NA,PoAstV-VIRES-NM01-C1,pig,NA,NA,7,4,6
MK378551/NA/PoAstV-VIRES-NM02-C1/pig/NA/NA,NA,PoAstV-VIRES-NM02-C1,pig,NA,NA,7,4,6
MK378555/NA/PoAstV-VIRES-NM02-C5/pig/NA/NA,NA,PoAstV-VIRES-NM02-C5,pig,NA,NA,9,12,17
MK378559/NA/PoAstV-VIRES-NM02-C9/pig/NA/NA,NA,PoAstV-VIRES-NM02-C9,pig,NA,NA,7,4,6
MK378564/NA/PoAstV-VIRES-NX01-C2/pig/NA/NA,NA,PoAstV-VIRES-NX01-C2,pig,NA,NA,7,4,6
MK378569/NA/PoAstV-VIRES-NX02-C4/pig/NA/NA,NA,PoAstV-VIRES-NX02-C4,pig,NA,NA,9,12,17
MK378574/NA/PoAstV-VIRES-YN01-C2/pig/NA/NA,NA,PoAstV-VIRES-YN01-C2,pig,NA,NA,7,4,6
MK378580/NA/PoAstV-VIRES-YN01-C8/pig/NA/NA,NA,PoAstV-VIRES-YN01-C8,pig,NA,NA,7,4,6
MK378582/NA/PoAstV-VIRES-YN02-C1/pig/NA/NA,NA,PoAstV-VIRES-YN02-C1,pig,NA,NA,0,5,13
MK378588/NA/PoAstV-VIRES-ZJ01-C2/pig/NA/NA,NA,PoAstV-VIRES-ZJ01-C2,pig,NA,NA,0,5,13
MK460230/NA/PoAstV2-CHN-WG-R2-2017/pig/NA/NA,NA,PoAstV2-CHN-WG-R2-2017,pig,NA,NA,0,5,13
MK460231/NA/PoAstV4-CHN-WG-R2-2017/pig/NA/NA,NA,PoAstV4-CHN-WG-R2-2017,pig,NA,NA,7,4,6
MK613068/NA/PAstV-CH-HB-SJZ-2018/pig/NA/NA,NA,PAstV-CH-HB-SJZ-2018,pig,NA,NA,7,4,6
MK962341/NA/NA/pig/NA/NA,NA,NA,pig,NA,NA,1,8,11
MK962342/NA/NA/pig/NA/NA,NA,NA,pig,NA,NA,1,8,11
MN241818/NA/NA/pig/NA/NA,NA,NA,pig,NA,NA,0,5,9
MT451917/NA/K366/pig/NA/NA,NA,K366,pig,NA,NA,7,4,6
MT451918/NA/K062/pig/NA/NA,NA,K062,pig,NA,NA,7,4,6
MT642666/NA/NA/pig/NA/NA,NA,NA,pig,NA,NA,7,4,6
MW504551/NA/15211-AST-len-5924-cov-1028-513035/pig/NA/NA,NA,15211-AST-len-5924-cov-1028-513035,pig,NA,NA,0,5,13
MW504559/NA/15211-AST-len-6300-cov-172-501041/pig/NA/NA,NA,15211-AST-len-6300-cov-172-501041,pig,NA,NA,0,5,9
MW504573/NA/15213-AST-len-6253-cov-80-443692/pig/NA/NA,NA,15213-AST-len-6253-cov-80-443692,pig,NA,NA,7,4,6
MW653748/NA/USA-IA-6535D-2018/pig/NA/NA,NA,USA-IA-6535D-2018,pig,NA,NA,1,8,11
MW653749/NA/USA-IA-53214C-2018/pig/NA/NA,NA,USA-IA-53214C-2018,pig,NA,NA,1,8,11
MW653750/NA/USA-IA-53797GA-2019/pig/NA/NA,NA,USA-IA-53797GA-2019,pig,NA,NA,1,8,11
MW653751/NA/USA-IA-72701A-2019/pig/NA/NA,NA,USA-IA-72701A-2019,pig,NA,NA,1,8,11
MW653752/NA/USA-IA-72701B-2019/pig/NA/NA,NA,USA-IA-72701B-2019,pig,NA,NA,1,8,11
MW653753/NA/USA-IA-32345-2020/pig/NA/NA,NA,USA-IA-32345-2020,pig,NA,NA,1,8,11
MW732145/NA/NA/pig/NA/NA,NA,NA,pig,NA,NA,1,8,11
MW732146/NA/NA/pig/NA/NA,NA,NA,pig,NA,NA,1,8,11
MW732147/NA/NA/pig/NA/NA,NA,NA,pig,NA,NA,1,8,11
MW732148/NA/NA/pig/NA/NA,NA,NA,pig,NA,NA,1,8,11
MW732149/NA/NA/pig/NA/NA,NA,NA,pig,NA,NA,1,8,11
MW732150/NA/NA/pig/NA/NA,NA,NA,pig,NA,NA,1,8,11
MW732151/NA/NA/pig/NA/NA,NA,NA,pig,NA,NA,1,8,11
MW732152/NA/NA/pig/NA/NA,NA,NA,pig,NA,NA,1,8,11
MW732153/NA/NA/pig/NA/NA,NA,NA,pig,NA,NA,1,8,11
MW732154/NA/NA/pig/NA/NA,NA,NA,pig,NA,NA,1,8,11
MW732155/NA/NA/pig/NA/NA,NA,NA,pig,NA,NA,1,8,11
MW732156/NA/NA/pig/NA/NA,NA,NA,pig,NA,NA,1,8,11
MW732157/NA/NA/pig/NA/NA,NA,NA,pig,NA,NA,1,8,11
MW962975/NA/PAstV4-YN01-2020/pig/NA/NA,NA,PAstV4-YN01-2020,pig,NA,NA,7,4,6
MZ819164/NA/PoAstV2-Swine-CHI-FB036-2017/pig/NA/NA,NA,PoAstV2-Swine-CHI-FB036-2017,pig,NA,NA,0,5,13
MZ819165/NA/PoAstV2-Swine-CHI-CF2673-2017/pig/NA/NA,NA,PoAstV2-Swine-CHI-CF2673-2017,pig,NA,NA,0,5,13
OL689632/NA/AH-1/pig/NA/MAstV3,NA,AH-1,pig,NA,MAstV3,3,6,33
OL695849/NA/AH4-2/pig/NA/NA,NA,AH4-2,pig,NA,NA,7,4,6
OL695850/NA/AH4-3/pig/NA/NA,NA,AH4-3,pig,NA,NA,7,4,6
OL695851/NA/AH2-1/pig/NA/NA,NA,AH2-1,pig,NA,NA,0,5,9
OL695852/NA/AH2-2/pig/NA/NA,NA,AH2-2,pig,NA,NA,0,5,13
OL695853/NA/AH2-3/pig/NA/NA,NA,AH2-3,pig,NA,NA,0,5,13
OL695854/NA/AH2-4/pig/NA/NA,NA,AH2-4,pig,NA,NA,0,5,9
OL695856/NA/AH2-6/pig/NA/NA,NA,AH2-6,pig,NA,NA,0,5,9
OL695857/NA/AH2-7/pig/NA/NA,NA,AH2-7,pig,NA,NA,0,5,9
OM104029/NA/BSF3/pig/NA/NA,NA,BSF3,pig,NA,NA,7,4,6
OM104030/NA/BSF3/pig/NA/NA,NA,BSF3,pig,NA,NA,7,4,6
OM104031/NA/BSF3/pig/NA/NA,NA,BSF3,pig,NA,NA,0,5,9
OM105003/NA/BSF1-C2/pig/NA/NA,NA,BSF1-C2,pig,NA,NA,0,5,13
OM105032/NA/BSF2/pig/NA/NA,NA,BSF2,pig,NA,NA,7,4,6
OM105035/NA/BSF2/pig/NA/MAstV3,NA,BSF2,pig,NA,MAstV3,3,6,33
OM105048/NA/BSF1/pig/NA/NA,NA,BSF1,pig,NA,NA,0,5,9
OM966722/NA/BSF2/pig/NA/NA,NA,BSF2,pig,NA,NA,0,5,13
OM966723/NA/BSF3/pig/NA/NA,NA,BSF3,pig,NA,NA,0,5,13
ON714996/NA/SP-VC36/pig/NA/NA,NA,SP-VC36,pig,NA,NA,0,5,13
ON714997/NA/SP-VC9/pig/NA/NA,NA,SP-VC9,pig,NA,NA,0,5,13
ON714998/NA/SP-VC29/pig/NA/NA,NA,SP-VC29,pig,NA,NA,0,5,9
ON714999/NA/SP-VC41/pig/NA/NA,NA,SP-VC41,pig,NA,NA,0,5,9
ON715001/NA/SP-VC29/pig/NA/NA,NA,SP-VC29,pig,NA,NA,1,8,11
ON792967/NA/SP-VC29/pig/NA/NA,NA,SP-VC29,pig,NA,NA,7,4,6
ON792968/NA/SP-VC41/pig/NA/NA,NA,SP-VC41,pig,NA,NA,7,4,6
ON792969/NA/SP-VT9/pig/NA/NA,NA,SP-VT9,pig,NA,NA,7,4,6
ON792970/NA/SP-VC9/pig/NA/NA,NA,SP-VC9,pig,NA,NA,7,4,6
ON792971/NA/SP-VC19/pig/NA/NA,NA,SP-VC19,pig,NA,NA,7,4,6
ON792972/NA/SP-VT41/pig/NA/NA,NA,SP-VT41,pig,NA,NA,7,4,6
KJ496001/NA/PFTS-2/pig/NA/NA,NA,PFTS-2,pig,NA,NA,0,5,13
KP982872/NA/Bel-12R021/pig/NA/NA,NA,Bel-12R021,pig,NA,NA,0,5,9
OM480532/NA/NA/porcupine/NA/NA,NA,NA,porcupine,NA,NA,9,12,17
NC_025346/NA/TN-rabbit-10-2208/rabbit/NA/NA,NA,TN-rabbit-10-2208,rabbit,NA,NA,17,1,1
MT506231/NA/RoAstV-CHN-S3/rat/NA/NA,NA,RoAstV-CHN-S3,rat,NA,NA,27,30,55
MT549855/NA/CHN-01/rat/NA/NA,NA,CHN-01,rat,NA,NA,7,4,6
MT549858/NA/CHN-147/rat/NA/NA,NA,CHN-147,rat,NA,NA,15,11,16
MT549859/NA/CHN-148/rat/NA/NA,NA,CHN-148,rat,NA,NA,15,11,16
MW149253/NA/NA/rat/NA/NA,NA,NA,rat,NA,NA,15,11,16
MZ357118/NA/Moin135AstV01-8/rat/NA/NA,NA,Moin135AstV01-8,rat,NA,NA,11,24,42
ON932805/NA/AstroV-HMU-3/rat/NA/NA,NA,AstroV-HMU-3,rat,NA,NA,11,24,42
MK286562/NA/NA/NA/NA/NA,NA,NA,sheep,NA,NA,5,14,45
LT706530/NA/UK-2014-lamb-lib01455/NA/NA/NA,NA,UK-2014-lamb-lib01455,sheep,NA,NA,5,14,45
LT706531/NA/UK-2013-ewe-lib01454/NA/NA/NA,NA,UK-2013-ewe-lib01454,sheep,NA,NA,5,14,45
NC_002469/NA/NA/sheep/NA/MAstV13,NA,NA,sheep,NA,MAstV13,5,14,21
KY859988/NA/NA/sheep/NA/NA,NA,NA,sheep,NA,NA,5,14,45
ON885952/NA/NA/takin/NA/NA,NA,NA,takin,NA,NA,0,5,7
MN148428/NA/NA/tiger/NA/MAstV2,NA,NA,tiger,NA,MAstV2,3,6,8
ON885949/NA/NA/water-buffalo/NA/NA,NA,NA,water-buffalo,NA,NA,10,21,46
ON885950/NA/NA/water-buffalo/NA/NA,NA,NA,water-buffalo,NA,NA,10,21,37
ON885951/NA/NA/water-buffalo/NA/NA,NA,NA,water-buffalo,NA,NA,10,21,46
KM822593/NA/S8/yak/NA/NA,NA,S8,yak,NA,NA,0,5,7
