GBAC,isolate,country,host,collection_date,taxon,orf2_aa,aa_mmseq2.uc,aa_mmseq2
NC_002469/NA/NA/sheep/NA/MAstV13,,,sheep,,MAstV13,8,81,55
NC_004579/NA/NA/NA/NA/MAstV10,,,mink,,MAstV10,5,69,71
NC_023629/HKG/NA/cow/NA/NA,HKG,,cow,,,22,16,13
NC_023630/HKG/NA/cow/NA/NA,HKG,,cow,,,23,46,75
NC_023631/HKG/NA/cow/NA/NA,HKG,,cow,,,23,46,75
NC_023632/HKG/NA/cow/NA/NA,HKG,,cow,,,24,48,77
NC_036583/CHN/GX-006/rat/NA/NA,CHN,GX-006,rat,,,25,36,33
ON049756/CHN/226-k141-65071/NA/NA/NA,CHN,226-k141-65071,pig,,,26,38,35
ON049758/CHN/226-k141-115706/NA/NA/NA,CHN,226-k141-115706,pig,,,27,41,69
ON049762/CHN/R67-k141-76573/NA/NA/NA,CHN,R67-k141-76573,pig,,,28,20,18
ON049763/CHN/s68-k141-493141/NA/NA/NA,CHN,s68-k141-493141,pig,,,29,82,56
OP331312/NA/NA/NA/NA/NA,,,cow,,,30,21,19
S68561/NA/A88-2/NA/NA/MAstV1,,A88-2,human,,MAstV1,1,2,4
U15136/NA/Oxford-reference-strain/NA/NA/MAstV1,,Oxford-reference-strain,human,,MAstV1,1,2,4
Y08632/NA/NA/human/NA/MAstV1,,,human,,MAstV1,1,2,4
Y15938/NA/NA/pig/NA/NA,,,pig,,,0,79,3
Z25771/NA/NA/NA/NA/MAstV1,,,human,,MAstV1,1,2,4
Z33883/NA/Oxford-UK/NA/NA/MAstV1,,Oxford-UK,human,,MAstV1,1,2,4
Z46658/NA/NA/NA/NA/MAstV1,,,human,,MAstV1,1,2,4
Z66541/NA/NA/NA/NA/MAstV1,,,human,,MAstV1,1,2,4
NC_011400/AUS/MLB1/NA/1999/MAstV6,AUS,MLB1,human,1999.0,MAstV6,17,25,23
NC_013060/USA/VA1/human/2008/MAstV9,USA,VA1,human,2008.0,MAstV9,21,12,8
NC_013443/NER/NI-295/human/2007/MAstV8,NER,NI-295,human,2007.0,MAstV8,19,18,16
NC_016896/HUN/NA/pig/2011/NA,HUN,,pig,2011.0,,31,61,52
NC_019494/USA/US-MO123/pig/2011/NA,USA,US-MO123,pig,2011.0,,32,15,12
NC_022249/HKG/NA/cat/2012/MAstV2,HKG,,cat,2012.0,MAstV2,4,24,70
NC_023674/USA/NA/pig/2010/NA,USA,,pig,2010.0,,26,22,20
NC_023675/USA/NA/pig/2010/NA,USA,,pig,2010.0,,33,28,26
NC_024297/CHN/NA/cow/2014/NA,CHN,,cow,2014.0,,23,46,75
NC_024472/BFA/NA/human/2010/MAstV8,BFA,,human,2010.0,MAstV8,20,11,7
NC_024701/USA/FAstV-D1/cat/2013/NA,USA,FAstV-D1,cat,2013.0,,34,6,84
NC_025346/USA/TN-rabbit-10-2208/rabbit/2010/NA,USA,TN-rabbit-10-2208,rabbit,2010.0,,35,13,9
NC_025379/CHN/PAstV-GX1/pig/2013/MAstV3,CHN,PAstV-GX1,pig,2013.0,MAstV3,0,79,3
NC_026814/GBR/NA/NA/2012/MAstV5,GBR,,dog,2012.0,MAstV5,16,10,6
NC_027711/ARE/DcAstV-274/camel/2013/NA,ARE,DcAstV-274,camel,2013.0,,36,19,17
NC_030922/IND/V1347/NA/2004/MAstV1,IND,V1347,human,2004.0,MAstV1,2,2,54
NC_033792/CHN/HHMAstV1/marmot/2013/NA,CHN,HHMAstV1,marmot,2013.0,,37,26,24
NC_033821/CHN/HHMAstV2/marmot/2013/NA,CHN,HHMAstV2,marmot,2013.0,,38,31,29
NC_034974/KEN/K321/pig/2012/NA,KEN,K321,pig,2012.0,,39,58,46
NC_034975/USA/NA/california-sea-lion/2008/MAstV4,USA,,california-sea-lion,2008.0,MAstV4,15,65,0
NC_038368/CHN/LC03/bat/2007/MAstV17,CHN,LC03,bat,2007.0,MAstV17,12,60,51
NC_043096/USA/NA/dolphin/2007/MAstV7,USA,,bottlenose-dolphin,2007.0,MAstV7,18,52,41
NC_043097/USA/NA/california-sea-lion/2006/MAstV11,USA,,california-sea-lion,2006.0,MAstV11,6,63,76
NC_043098/CHN/LD71/bat/2007/MAstV12,CHN,LD71,bat,2007.0,MAstV12,7,64,38
NC_043099/CHN/AFCD57/bat/2005/MAstV14,CHN,AFCD57,bat,2005.0,MAstV14,9,43,15
NC_043100/CHN/LD77/bat/2007/MAstV15,CHN,LD77,bat,2007.0,MAstV15,10,47,22
NC_043101/CHN/AFCD11/bat/2005/MAstV16,CHN,AFCD11,bat,2005.0,MAstV16,11,49,28
NC_043102/CHN/AFCD337/bat/2006/MAstV18,CHN,AFCD337,bat,2006.0,MAstV18,13,51,50
NC_043103/CHN/LD38/bat/2007/MAstV19,CHN,LD38,bat,2007.0,MAstV19,14,9,53
NC_043416/NA/NA/NA/2005/MAstV5,,,dog,2005.0,MAstV5,16,10,6
AB290149/IND/V1347/NA/2004/MAstV1,IND,V1347,human,2004.0,MAstV1,2,2,54
AB823731/Bhutan/BtnMLB1-40/human/2010/MAstV6,Bhutan,BtnMLB1-40,human,2010.0,MAstV6,17,25,23
AB823732/Bhutan/BtnMLB1-86/human/2010/MAstV6,Bhutan,BtnMLB1-86,human,2010.0,MAstV6,17,25,23
AB914705/IND/IDH1300/human/2009/MAstV1,IND,IDH1300,human,2009.0,MAstV1,1,2,54
AB914706/IND/IDH1451/human/2009/MAstV1,IND,IDH1451,human,2009.0,MAstV1,1,2,54
FJ402983/USA/NA/NA/2008/MAstV6,USA,,human,2008.0,MAstV6,17,25,23
FJ571068/CHN/LS11/bat/2007/NA,CHN,LS11,bat,2007.0,,12,60,51
FJ571069/CHN/LD04/bat/2007/MAstV19,CHN,LD04,bat,2007.0,MAstV19,14,9,53
FJ571070/CHN/LD27/bat/2007/MAstV19,CHN,LD27,bat,2007.0,MAstV19,14,9,53
FJ571071/CHN/DX19/bat/2007/MAstV19,CHN,DX19,bat,2007.0,MAstV19,14,9,53
FJ571072/CHN/LD45/bat/2007/MAstV19,CHN,LD45,bat,2007.0,MAstV19,14,9,53
FJ571073/CHN/LD54/bat/2007/MAstV19,CHN,LD54,bat,2007.0,MAstV19,14,9,53
FJ755402/CHN/NA/human/2005/MAstV1,CHN,,human,2005.0,MAstV1,1,2,4
FJ755403/CHN/NA/human/2006/MAstV1,CHN,,human,2006.0,MAstV1,1,2,4
FJ755404/CHN/NA/human/2007/MAstV1,CHN,,human,2007.0,MAstV1,1,2,4
FJ755405/CHN/NA/human/2007/MAstV1,CHN,,human,2007.0,MAstV1,1,2,4
FJ792842/CHN/Shanghai/human/2008/MAstV1,CHN,Shanghai,human,2008.0,MAstV1,1,2,4
FM213331/NA/NA/NA/2005/MAstV5,,,dog,2005.0,MAstV5,16,10,6
FM213332/NA/NA/NA/2005/MAstV5,,,dog,2005.0,MAstV5,16,10,6
GQ267696/NA/SZ908/human/2008/MAstV9,,SZ908,human,2008.0,MAstV9,21,12,8
GQ405855/CHN/Dalian-2007-CHN/human/2007/MAstV1,CHN,Dalian-2007-CHN,human,2007.0,MAstV1,1,2,4
GQ405856/CHN/Shenyang-2007-CHN/human/2007/MAstV1,CHN,Shenyang-2007-CHN,human,2007.0,MAstV1,1,2,4
GQ405857/CHN/Panjin-2007-CHN/human/2007/MAstV1,CHN,Panjin-2007-CHN,human,2007.0,MAstV1,1,2,4
GQ415661/NER/NI-196/human/2007/MAstV9,NER,NI-196,human,2007.0,MAstV9,21,12,8
GQ415662/THA/NE-3010/human/2001/MAstV9,THA,NE-3010,human,2001.0,MAstV9,21,12,8
GQ495608/CHN/192-BJ07-CHN/human/2007/MAstV1,CHN,192-BJ07-CHN,human,2007.0,MAstV1,1,2,4
GQ502193/USA/VA2-human-Stl-WD0680-2009/human/2009/MAstV8,USA,VA2-human-Stl-WD0680-2009,human,2009.0,MAstV8,19,18,16
GQ891990/USA/SG/human/2007/MAstV9,USA,SG,human,2007.0,MAstV9,21,12,8
GQ901902/RUS/Rus-Nsc09-B4/human/2009/MAstV1,RUS,Rus-Nsc09-B4,human,2009.0,MAstV1,1,2,4
GQ914773/CHN/NA/pig/2008/MAstV3,CHN,,pig,2008.0,MAstV3,0,79,3
GU223905/RUS/Rus-Nsc03-H191/human/2003/MAstV1,RUS,Rus-Nsc03-H191,human,2003.0,MAstV1,1,2,4
GU376736/CHN/SH/dog/2009/MAstV5,CHN,SH,dog,2009.0,MAstV5,16,10,6
GU562296/HUN/NA/pig/2007/NA,HUN,,pig,2007.0,,40,45,74
GU732187/RUS/Rus-Nsc08-3364/human/2008/MAstV1,RUS,Rus-Nsc08-3364,human,2008.0,MAstV1,1,2,4
HM045005/ITA/Bari-08/dog/2008/MAstV5,ITA,Bari-08,dog,2008.0,MAstV5,16,10,6
HM450380/HKG/MLB1-HK05/human/2005/MAstV6,HKG,MLB1-HK05,human,2005.0,MAstV6,17,25,23
HM484374/NLD/VS34/human/2007/MAstV9,NLD,VS34,human,2007.0,MAstV9,21,12,8
HM756258/CAN/NA/pig/2006/NA,CAN,,pig,2006.0,,0,79,3
HM756259/CAN/NA/pig/2006/NA,CAN,,pig,2006.0,,39,58,46
HM756260/CAN/NA/pig/2006/NA,CAN,,pig,2006.0,,41,82,56
HM756261/CAN/NA/pig/2006/NA,CAN,,pig,2006.0,,32,15,12
HQ398856/HUN/NA/human/2010/MAstV1,HUN,,human,2010.0,MAstV1,1,2,4
HQ647383/CHN/JWH-1/pig/2009/NA,CHN,JWH-1,pig,2009.0,,42,46,75
HQ668129/USA/NA/dolphin/2007/NA,USA,,bottlenose-dolphin,2007.0,,43,74,64
HQ668143/USA/NA/whale/2003/NA,USA,,whale,2003.0,,44,76,66
JF491430/RUS/Rus-Nsc04-H355/human/2004/MAstV1,RUS,Rus-Nsc04-H355,human,2004.0,MAstV1,1,2,4
JF713712/USA/NA/pig/2010/NA,USA,,pig,2010.0,,26,35,32
JN052023/ITA/NA/rabbit/2008/NA,ITA,,rabbit,2008.0,,35,13,9
JN193534/ITA/NA/dog/2010/MAstV5,ITA,,dog,2010.0,MAstV5,16,10,6
JN592482/HUN/NA/sheep/2009/NA,HUN,,sheep,2009.0,,45,27,25
JN887820/KOR/NA/human/2006/MAstV1,KOR,,human,2006.0,MAstV1,1,2,4
JQ086552/CHN/SY071/human/2010/MAstV6,CHN,SY071,human,2010.0,MAstV6,17,25,23
JQ403108/CHN/DL030/human/2010/MAstV1,CHN,DL030,human,2010.0,MAstV1,1,2,4
JX087963/ITA/NA/human/2002/MAstV1,ITA,,human,2002.0,MAstV1,1,2,4
JX087964/ITA/NA/human/2009/MAstV1,ITA,,human,2009.0,MAstV1,1,2,4
JX087965/ITA/NA/human/2005/MAstV1,ITA,,human,2005.0,MAstV1,1,2,4
JX556690/USA/AstV2-US-IA122/pig/2011/NA,USA,AstV2-US-IA122,pig,2011.0,,46,22,20
JX556692/USA/AstV4-US-IL135/pig/2011/NA,USA,AstV4-US-IL135,pig,2011.0,,33,28,26
JX684071/USA/US-P2011-1/pig/2011/NA,USA,US-P2011-1,pig,2011.0,,47,37,34
KC285152/RUS/HAstV-2-RUS-Novosibirsk-Nsc11-N2411-2011/human/2011/MAstV1,RUS,HAstV-2-RUS-Novosibirsk-Nsc11-N2411-2011,human,2011.0,MAstV1,1,2,4
KC342249/CHN/km1/human/2012/MAstV1,CHN,km1,human,2012.0,MAstV1,1,2,4
KC915034/ITA/NA/human/2008/MAstV1,ITA,,human,2008.0,MAstV1,1,2,4
KC915035/ITA/NA/human/2002/MAstV1,ITA,,human,2002.0,MAstV1,1,2,4
KF039910/RUS/Rus-Nsc05-430/NA/2005/MAstV1,RUS,Rus-Nsc05-430,human,2005.0,MAstV1,1,2,4
KF039911/RUS/Rus-Nsc06-1029/NA/2006/MAstV1,RUS,Rus-Nsc06-1029,human,2006.0,MAstV1,1,2,4
KF039912/RUS/Rus-Nsc05-623/NA/2005/MAstV1,RUS,Rus-Nsc05-623,human,2005.0,MAstV1,1,2,4
KF039913/RUS/Rus-Nsc10-N358/NA/2010/MAstV1,RUS,Rus-Nsc10-N358,human,2010.0,MAstV1,1,2,4
KF157967/HUN/NA/human/2012/MAstV1,HUN,,human,2012.0,MAstV1,1,2,4
KF211475/CHN/JZ/human/2010/MAstV1,CHN,JZ,human,2010.0,MAstV1,1,2,4
KF374704/PRT/Viseu/cat/2012/MAstV2,PRT,Viseu,cat,2012.0,MAstV2,4,24,70
KF417713/ITA/NA/human/2007/MAstV6,ITA,,human,2007.0,MAstV6,17,25,23
KF668570/ITA/NA/human/2012/MAstV1,ITA,,human,2012.0,MAstV1,1,2,4
KJ476832/CHN/NA/cow/2013/NA,CHN,,cow,2013.0,,23,46,75
KJ476833/CHN/NA/cow/2013/NA,CHN,,cow,2013.0,,23,46,75
KJ476834/CHN/NA/cow/2013/NA,CHN,,cow,2013.0,,23,46,75
KJ476835/CHN/NA/cow/2013/NA,CHN,,cow,2013.0,,23,46,75
KJ476836/CHN/NA/cow/2013/NA,CHN,,cow,2013.0,,23,46,75
KJ495986/USA/NA/pig/2012/NA,USA,,pig,2012.0,,46,22,20
KJ495991/USA/PFP-24/pig/2008/NA,USA,PFP-24,pig,2008.0,,32,15,12
KJ495992/USA/PFP-25/pig/2008/NA,USA,PFP-25,pig,2008.0,,48,48,77
KJ495993/USA/PFP-25/pig/2008/NA,USA,PFP-25,pig,2008.0,,49,20,18
KJ495994/USA/PFP-31/pig/2008/NA,USA,PFP-31,pig,2008.0,,32,15,12
KJ620980/CHN/NA/cow/2014/NA,CHN,,cow,2014.0,,23,46,75
KJ656124/GMB/VA5-human-Gambia-102139-2009/human/2009/MAstV8,GMB,VA5-human-Gambia-102139-2009,human,2009.0,MAstV8,20,11,7
KJ920196/GBR/HMO-CLondon1/NA/2013/MAstV9,GBR,HMO-CLondon1,human,2013.0,MAstV9,21,12,8
KJ920197/GBR/HMO-CLondon2/NA/2014/MAstV9,GBR,HMO-CLondon2,human,2014.0,MAstV9,21,12,8
KM017742/USA/FAstV-D2/cat/2013/MAstV2,USA,FAstV-D2,cat,2013.0,MAstV2,4,24,70
KM017743/USA/FAstV-D3/cat/2013/MAstV2,USA,FAstV-D3,cat,2013.0,MAstV2,4,24,70
KM822593/CHN/S8/yak/2013/NA,CHN,S8,yak,2013.0,,50,7,85
KP264970/USA/BSRI-1/cow/2013/NA,USA,BSRI-1,cow,2013.0,,51,67,10
KP404150/GBR/NA/NA/2012/MAstV5,GBR,,dog,2012.0,MAstV5,16,10,6
KP404151/GBR/NA/NA/2014/MAstV5,GBR,,dog,2014.0,MAstV5,16,10,6
KP404152/GBR/NA/NA/2014/MAstV5,GBR,,dog,2014.0,MAstV5,16,10,6
KP747573/CHN/AstV-LL-1/pig/2006/NA,CHN,AstV-LL-1,pig,2006.0,,29,82,56
KP747574/CHN/AstV-LL-2/pig/2006/NA,CHN,AstV-LL-2,pig,2006.0,,45,27,25
KP759770/KOR/KNU14-07/pig/2014/NA,KOR,KNU14-07,pig,2014.0,,29,82,56
KP862744/KOR/kor85/human/2014/MAstV1,KOR,kor85,human,2014.0,MAstV1,1,2,4
KP942582/CHN/KMNP-00/human/2014/MAstV1,CHN,KMNP-00,human,2014.0,MAstV1,1,2,4
KP942583/CHN/KMSP-01/human/2014/MAstV1,CHN,KMSP-01,human,2014.0,MAstV1,1,2,4
KP942584/CHN/KMSP-02/human/2014/MAstV1,CHN,KMSP-02,human,2014.0,MAstV1,1,2,4
KP942585/CHN/KMSP-03/human/2014/MAstV1,CHN,KMSP-03,human,2014.0,MAstV1,1,2,4
KP942586/CHN/KMSP-04/human/2014/MAstV1,CHN,KMSP-04,human,2014.0,MAstV1,1,2,4
KP942587/CHN/KMSP-05/human/2014/MAstV1,CHN,KMSP-05,human,2014.0,MAstV1,1,2,4
KP942588/CHN/KMSP-06/human/2014/MAstV1,CHN,KMSP-06,human,2014.0,MAstV1,1,2,4
KP942589/CHN/KMSP-08/human/2014/MAstV1,CHN,KMSP-08,human,2014.0,MAstV1,1,2,4
KP942590/CHN/KMSP-09/human/2013/MAstV1,CHN,KMSP-09,human,2013.0,MAstV1,1,2,4
KP942591/CHN/KMSP-10/human/2013/MAstV1,CHN,KMSP-10,human,2013.0,MAstV1,1,2,4
KP942592/CHN/KMSP-11/human/2013/MAstV1,CHN,KMSP-11,human,2013.0,MAstV1,1,2,4
KP942593/CHN/KMSP-12/human/2013/MAstV1,CHN,KMSP-12,human,2013.0,MAstV1,1,2,4
KR349488/BRA/NA/dog/2013/MAstV5,BRA,,dog,2013.0,MAstV5,16,10,6
KR349489/BRA/NA/dog/2013/MAstV5,BRA,,dog,2013.0,MAstV5,16,10,6
KR349490/BRA/NA/dog/2012/MAstV5,BRA,,dog,2012.0,MAstV5,16,10,6
KR349491/BRA/NA/dog/2013/MAstV5,BRA,,dog,2013.0,MAstV5,16,10,6
KR868721/ARE/DcAstV-169/camel/2013/NA,ARE,DcAstV-169,camel,2013.0,,52,35,32
KR868722/ARE/DcAstV-64/camel/2013/NA,ARE,DcAstV-64,camel,2013.0,,52,35,32
KR868723/ARE/DcAstV-135/camel/2013/NA,ARE,DcAstV-135,camel,2013.0,,52,35,32
KT892960/ESP/3732/pig/2014/NA,ESP,3732,pig,2014.0,,49,20,18
KT956903/CHE/CH15/cow/2015/NA,CHE,CH15,cow,2015.0,,8,81,55
KT963071/ITA/NA/cow/2012/NA,ITA,,cow,2012.0,,53,55,43
KU764484/USA/15-13/pig/2015/NA,USA,15-13,pig,2015.0,,54,85,59
KU764485/USA/15-14/pig/2015/NA,USA,15-14,pig,2015.0,,54,85,59
KU764486/USA/15-12/pig/2015/NA,USA,15-12,pig,2015.0,,54,85,59
KX033447/CHN/NA/pig/2015/NA,CHN,,pig,2015.0,,55,77,67
KX060808/CHN/NA/pig/2014/NA,CHN,,pig,2014.0,,33,28,26
KX060809/CHN/NA/pig/2014/NA,CHN,,pig,2014.0,,47,20,18
KX599349/HUN/NA/dog/2012/MAstV5,HUN,,dog,2012.0,MAstV5,16,10,6
KX599350/HUN/NA/dog/2012/MAstV5,HUN,,dog,2012.0,MAstV5,16,10,6
KX599351/HUN/NA/dog/2012/MAstV5,HUN,,dog,2012.0,MAstV5,16,10,6
KX599352/HUN/NA/dog/2012/MAstV5,HUN,,dog,2012.0,MAstV5,16,10,6
KX599353/HUN/NA/dog/2012/MAstV5,HUN,,dog,2012.0,MAstV5,16,10,6
KX599354/HUN/NA/dog/2012/NA,HUN,,dog,2012.0,,5,69,71
KX645667/LAO/NA/bat/2011/NA,LAO,,bat,2011.0,,56,68,2
KX756441/AUS/DD1/dog/2012/MAstV5,AUS,DD1,dog,2012.0,MAstV5,16,10,6
KY073229/HUN/NA/pig/2016/NA,HUN,,pig,2016.0,,32,15,12
KY073230/HUN/NA/pig/2016/NA,HUN,,pig,2016.0,,32,15,12
KY073231/HUN/NA/pig/2016/NA,HUN,,pig,2016.0,,32,15,12
KY073232/HUN/NA/pig/2015/NA,HUN,,pig,2015.0,,32,15,12
KY073233/HUN/NA/pig/2013/NA,HUN,,pig,2013.0,,32,15,12
KY214437/BEL/15V010/pig/2015/NA,BEL,15V010,pig,2015.0,,57,44,73
KY214438/BEL/15V010/pig/2015/NA,BEL,15V010,pig,2015.0,,48,48,77
KY412124/CHN/NA/pig/2013/NA,CHN,,pig,2013.0,,58,66,1
KY412125/CHN/NA/pig/2014/NA,CHN,,pig,2014.0,,33,28,26
KY412126/CHN/NA/pig/2014/NA,CHN,,pig,2014.0,,59,29,40
KY412127/CHN/NA/pig/2014/NA,CHN,,pig,2014.0,,48,48,77
KY744137/ITA/NA/human/2000/MAstV1,ITA,,human,2000.0,MAstV1,1,2,4
KY744138/ITA/NA/human/1999/MAstV1,ITA,,human,1999.0,MAstV1,1,2,4
KY744139/ITA/NA/human/2004/MAstV1,ITA,,human,2004.0,MAstV1,1,2,4
KY744140/ITA/NA/human/2008/MAstV1,ITA,,human,2008.0,MAstV1,1,2,4
KY744141/ITA/NA/human/2011/MAstV1,ITA,,human,2011.0,MAstV1,1,2,4
KY765684/BRA/NA/crab-eating-fox/2015/MAstV5,BRA,,crab-eating-fox,2015.0,MAstV5,16,10,6
KY859988/CHE/NA/sheep/2006/NA,CHE,,sheep,2006.0,,8,81,55
KY933398/KEN/K456/pig/2012/NA,KEN,K456,pig,2012.0,,60,73,63
KY933399/UGA/U460/pig/2012/NA,UGA,U460,pig,2012.0,,61,8,86
KY933670/USA/C-P5/human/2017/MAstV9,USA,C-P5,human,2017.0,MAstV9,21,12,8
KY940075/KEN/K451/pig/2012/NA,KEN,K451,pig,2012.0,,33,28,26
KY940077/UGA/U083/pig/2012/NA,UGA,U083,pig,2012.0,,62,62,47
KY940545/USA/NA/pig/2017/NA,USA,,pig,2017.0,,32,15,12
LC047787/JPN/NA/cow/2013/NA,JPN,,cow,2013.0,,63,53,48
LC047788/JPN/NA/cow/2013/NA,JPN,,cow,2013.0,,64,56,44
LC047789/JPN/NA/cow/2009/NA,JPN,,cow,2009.0,,64,56,44
LC047790/JPN/NA/cow/2009/NA,JPN,,cow,2009.0,,30,21,19
LC047791/JPN/NA/cow/2009/NA,JPN,,cow,2009.0,,64,56,44
LC047792/JPN/NA/cow/2009/NA,JPN,,cow,2009.0,,64,56,44
LC047793/JPN/NA/cow/2009/NA,JPN,,cow,2009.0,,45,27,25
LC047794/JPN/NA/cow/2009/NA,JPN,,cow,2009.0,,64,56,44
LC047795/JPN/NA/cow/2014/NA,JPN,,cow,2014.0,,64,56,44
LC047796/JPN/NA/cow/2014/NA,JPN,,cow,2014.0,,23,46,75
LC047797/JPN/NA/cow/2015/NA,JPN,,cow,2015.0,,63,53,48
LC047798/JPN/NA/cow/2015/NA,JPN,,cow,2015.0,,30,21,19
LC047799/JPN/NA/cow/2015/NA,JPN,,cow,2015.0,,64,56,44
LC047800/JPN/NA/cow/2015/NA,JPN,,cow,2015.0,,51,67,10
LC047801/JPN/NA/cow/2015/NA,JPN,,cow,2015.0,,64,56,44
LC064152/JPN/NA/human/2015/MAstV6,JPN,,human,2015.0,MAstV6,17,25,23
LC201585/JPN/NA/pig/2014/NA,JPN,,pig,2014.0,,46,22,20
LC201586/JPN/NA/pig/2015/NA,JPN,,pig,2015.0,,52,35,32
LC201587/JPN/NA/pig/2015/NA,JPN,,pig,2015.0,,29,82,56
LC201588/JPN/NA/pig/2015/NA,JPN,,pig,2015.0,,29,82,56
LC201589/JPN/NA/pig/2015/NA,JPN,,pig,2015.0,,65,58,46
LC201590/JPN/NA/pig/2015/NA,JPN,,pig,2015.0,,42,46,75
LC201592/JPN/NA/pig/2015/NA,JPN,,pig,2015.0,,48,48,77
LC201593/JPN/NA/pig/2015/NA,JPN,,pig,2015.0,,27,41,69
LC201594/JPN/NA/pig/2015/NA,JPN,,pig,2015.0,,66,82,56
LC201595/JPN/NA/pig/2014/NA,JPN,,pig,2014.0,,32,15,12
LC201596/JPN/NA/pig/2014/NA,JPN,,pig,2014.0,,32,15,12
LC201597/JPN/NA/pig/2014/NA,JPN,,pig,2014.0,,32,15,12
LC201598/JPN/NA/pig/2014/NA,JPN,,pig,2014.0,,67,4,81
LC201599/JPN/NA/pig/2014/NA,JPN,,pig,2014.0,,32,15,12
LC201600/JPN/NA/pig/2014/NA,JPN,,pig,2014.0,,47,37,34
LC201601/JPN/NA/pig/2014/NA,JPN,,pig,2014.0,,47,37,34
LC201602/JPN/NA/pig/2014/NA,JPN,,pig,2014.0,,33,28,26
LC201603/JPN/NA/pig/2014/NA,JPN,,pig,2014.0,,40,54,42
LC201604/JPN/NA/pig/2014/NA,JPN,,pig,2014.0,,33,28,26
LC201605/JPN/NA/pig/2015/NA,JPN,,pig,2015.0,,47,37,34
LC201606/JPN/NA/pig/2015/NA,JPN,,pig,2015.0,,68,71,61
LC201607/JPN/NA/pig/2015/NA,JPN,,pig,2015.0,,47,37,34
LC201608/JPN/NA/pig/2015/NA,JPN,,pig,2015.0,,57,57,45
LC201609/JPN/NA/pig/2015/NA,JPN,,pig,2015.0,,47,37,34
LC201610/JPN/NA/pig/2015/NA,JPN,,pig,2015.0,,33,28,26
LC201611/JPN/NA/pig/2015/NA,JPN,,pig,2015.0,,33,28,26
LC201612/JPN/NA/pig/2015/NA,JPN,,pig,2015.0,,33,28,26
LC201613/JPN/NA/pig/2015/NA,JPN,,pig,2015.0,,47,37,34
LC341267/JPN/NA/cow/2016/MAstV13hm,JPN,,cow,2016.0,,8,33,5
LC694985/JPN/HAstV3-190610-Tokyo-2019/human/2019/MAstV1,JPN,HAstV3-190610-Tokyo-2019,human,2019.0,MAstV1,1,2,4
LC694986/JPN/HAstV1-211185-Tokyo-2022/human/2022/MAstV1,JPN,HAstV1-211185-Tokyo-2022,human,2022.0,MAstV1,1,2,4
LC694987/JPN/HAstV1-210984-Tokyo-2021/human/2021/MAstV1,JPN,HAstV1-210984-Tokyo-2021,human,2021.0,MAstV1,1,2,4
LC694988/JPN/HAstV1-210963-Tokyo-2021/human/2021/MAstV1,JPN,HAstV1-210963-Tokyo-2021,human,2021.0,MAstV1,1,2,4
LC694989/JPN/HAstV1-210956-Tokyo-2021/human/2021/MAstV1,JPN,HAstV1-210956-Tokyo-2021,human,2021.0,MAstV1,1,2,4
LC694990/JPN/HAstV1-181937-Tokyo-2018/human/2018/MAstV1,JPN,HAstV1-181937-Tokyo-2018,human,2018.0,MAstV1,1,2,4
LC694991/JPN/HAstV1-210764-Tokyo-2021/human/2021/MAstV1,JPN,HAstV1-210764-Tokyo-2021,human,2021.0,MAstV1,1,2,4
LC694992/JPN/HAstV1-210628-Tokyo-2021/human/2021/MAstV1,JPN,HAstV1-210628-Tokyo-2021,human,2021.0,MAstV1,1,2,4
LC694993/JPN/HAstV1-193061-Tokyo-2020/human/2020/MAstV1,JPN,HAstV1-193061-Tokyo-2020,human,2020.0,MAstV1,1,2,4
LC694994/JPN/HAstV1-193055-Tokyo-2020/human/2020/MAstV1,JPN,HAstV1-193055-Tokyo-2020,human,2020.0,MAstV1,1,2,4
LC694995/JPN/HAstV1-192642-Tokyo-2020/human/2020/MAstV1,JPN,HAstV1-192642-Tokyo-2020,human,2020.0,MAstV1,1,2,4
LC694996/JPN/HAstV1-181290-Tokyo-2018/human/2018/MAstV1,JPN,HAstV1-181290-Tokyo-2018,human,2018.0,MAstV1,1,2,4
LC694997/JPN/HAstV1-181289-Tokyo-2018/human/2018/MAstV1,JPN,HAstV1-181289-Tokyo-2018,human,2018.0,MAstV1,1,2,4
LC694998/JPN/MLB1-210966-Tokyo-2021/human/2021/MAstV6,JPN,MLB1-210966-Tokyo-2021,human,2021.0,MAstV6,17,25,23
LC694999/JPN/MLB1-210750-Tokyo-2021/human/2021/MAstV6,JPN,MLB1-210750-Tokyo-2021,human,2021.0,MAstV6,17,25,23
LC695000/JPN/MLB1-210749-Tokyo-2021/human/2021/MAstV6,JPN,MLB1-210749-Tokyo-2021,human,2021.0,MAstV6,17,25,23
LC732122/JPN/Child-with-acute-gastroenteritis/human/2016/MAstV1,JPN,Child-with-acute-gastroenteritis,human,2016.0,MAstV1,1,2,4
LC732123/JPN/Child-with-acute-gastroenteritis/human/2016/MAstV1,JPN,Child-with-acute-gastroenteritis,human,2016.0,MAstV1,1,2,4
LC732124/JPN/Child-with-acute-gastroenteritis/human/2016/MAstV1,JPN,Child-with-acute-gastroenteritis,human,2016.0,MAstV1,1,2,4
LC732125/JPN/Child-with-acute-gastroenteritis/human/2019/NA,JPN,Child-with-acute-gastroenteritis,human,2019.0,,17,25,23
LN879482/DEU/NA/cow/2014/NA,DEU,,cow,2014.0,,8,81,55
MF684776/CHN/2013-Fuzhou-85/human/2013/MAstV1,CHN,2013-Fuzhou-85,human,2013.0,MAstV1,1,2,4
MG571777/VEN/NA/human/2015/MAstV1,VEN,,human,2015.0,MAstV1,1,2,4
MG930777/ITA/NA/pig/2015/NA,ITA,,pig,2015.0,,29,82,56
MH253859/CHN/16CC1104/cat/2016/MAstV2,CHN,16CC1104,cat,2016.0,MAstV2,4,2,70
MH253860/CHN/16JZ0612/cat/2016/MAstV2,CHN,16JZ0612,cat,2016.0,MAstV2,4,2,70
MH253861/CHN/16SY0705/cat/2016/MAstV2,CHN,16SY0705,cat,2016.0,MAstV2,4,2,70
MH253862/CHN/16SY0715/cat/2016/MAstV2,CHN,16SY0715,cat,2016.0,MAstV2,4,2,70
MH253863/CHN/17CC0801/cat/2017/MAstV2,CHN,17CC0801,cat,2017.0,MAstV2,4,2,70
MH253864/CHN/17CC0502/cat/2017/MAstV2,CHN,17CC0502,cat,2017.0,MAstV2,4,24,70
MH253865/CHN/17CC0704/cat/2017/MAstV2,CHN,17CC0704,cat,2017.0,MAstV2,4,2,70
MH253866/CHN/17CC0714/cat/2017/MAstV2,CHN,17CC0714,cat,2017.0,MAstV2,4,24,70
MH253867/CHN/17CC0806/cat/2017/MAstV2,CHN,17CC0806,cat,2017.0,MAstV2,4,2,70
MH253868/CHN/17CC1106/cat/2017/MAstV2,CHN,17CC1106,cat,2017.0,MAstV2,4,2,70
MH253869/CHN/17HRB0505/cat/2017/MAstV2,CHN,17HRB0505,cat,2017.0,MAstV2,4,2,70
MH253870/CHN/17HRB0511/cat/2017/MAstV2,CHN,17HRB0511,cat,2017.0,MAstV2,4,2,70
MH253871/CHN/17HRB0905/cat/2017/MAstV2,CHN,17HRB0905,cat,2017.0,MAstV2,4,2,70
MH253872/CHN/17JL0303/cat/2017/MAstV2,CHN,17JL0303,cat,2017.0,MAstV2,4,2,70
MH253873/CHN/17JL0310/cat/2017/MAstV2,CHN,17JL0310,cat,2017.0,MAstV2,4,2,70
MH253874/CHN/17JL0312/cat/2017/MAstV2,CHN,17JL0312,cat,2017.0,MAstV2,4,2,70
MH253875/CHN/17JL0318/cat/2017/MAstV2,CHN,17JL0318,cat,2017.0,MAstV2,4,2,70
MH253876/CHN/17SY1204/cat/2017/MAstV2,CHN,17SY1204,cat,2017.0,MAstV2,4,2,70
MH253877/CHN/17CC0308/cat/2017/MAstV2,CHN,17CC0308,cat,2017.0,MAstV2,4,24,70
MH253878/CHN/17CC0311/cat/2017/MAstV2,CHN,17CC0311,cat,2017.0,MAstV2,4,24,70
MH345764/CHN/CH-1/yak/2018/NA,CHN,CH-1,yak,2018.0,,50,7,85
MH345765/CHN/CH-2/yak/2018/NA,CHN,CH-2,yak,2018.0,,50,7,85
MH425243/CHN/TJ060606/pig/2018/NA,CHN,TJ060606,pig,2018.0,,69,57,45
MK026166/AUS/DF-BC15-CAV-AUS-2017/dog/2017/MAstV5,AUS,DF-BC15-CAV-AUS-2017,dog,2017.0,MAstV5,16,10,6
MK211323/CHE/NA/ovibos/1982/MAstV13,CHE,,ovibos,1982.0,MAstV13,8,81,5
MK286562/CHE/NA/NA/1992/NA,CHE,,sheep,1992.0,,8,81,55
MK296753/IRL/17W1028/human/2018/MAstV1,IRL,17W1028,human,2018.0,MAstV1,1,2,4
MK378475/CHN/PoAstV-VIRES-GX03-C3/pig/2017/NA,CHN,PoAstV-VIRES-GX03-C3,pig,2017.0,,31,61,52
MK378479/CHN/PoAstV-VIRES-GX03-C7/pig/2017/NA,CHN,PoAstV-VIRES-GX03-C7,pig,2017.0,,66,82,56
MK378498/CHN/PoAstV-VIRES-GZ04-C6/pig/2017/NA,CHN,PoAstV-VIRES-GZ04-C6,pig,2017.0,,45,27,25
MK378521/CHN/PoAstV-VIRES-HLJ01-C2/pig/2017/NA,CHN,PoAstV-VIRES-HLJ01-C2,pig,2017.0,,62,62,47
MK378530/CHN/PoAstV-VIRES-HLJ01-C11/pig/2017/NA,CHN,PoAstV-VIRES-HLJ01-C11,pig,2017.0,,68,71,61
MK386569/URY/NA/bull/2018/MAstV13hm,URY,,cow,2018.0,,8,33,5
MK460230/CHN/PoAstV2-CHN-WG-R2-2017/pig/2017/NA,CHN,PoAstV2-CHN-WG-R2-2017,pig,2017.0,,48,48,77
MK460231/CHN/PoAstV4-CHN-WG-R2-2017/pig/2017/NA,CHN,PoAstV4-CHN-WG-R2-2017,pig,2017.0,,31,61,52
MK613068/CHN/PAstV-CH-HB-SJZ-2018/pig/2018/NA,CHN,PAstV-CH-HB-SJZ-2018,pig,2018.0,,60,73,63
MK618656/USA/CA-RGDS-1016/human/2018/MAstV1,USA,CA-RGDS-1016,human,2018.0,MAstV1,1,2,4
MK671260/CHN/MAV2-16JZ1202/cat/2016/MAstV2,CHN,MAV2-16JZ1202,cat,2016.0,MAstV2,4,2,70
MK671261/CHN/MAV2-16LY0702/cat/2016/MAstV2,CHN,MAV2-16LY0702,cat,2016.0,MAstV2,4,2,70
MK671262/CHN/MAV2-16SY1102/cat/2016/MAstV2,CHN,MAV2-16SY1102,cat,2016.0,MAstV2,4,24,70
MK671263/CHN/MAV2-17BC0701/cat/2017/MAstV2,CHN,MAV2-17BC0701,cat,2017.0,MAstV2,4,24,70
MK671264/CHN/MAV2-17DD0902/cat/2017/MAstV2,CHN,MAV2-17DD0902,cat,2017.0,MAstV2,4,24,70
MK671265/CHN/MAV2-17JL0312/cat/2017/MAstV2,CHN,MAV2-17JL0312,cat,2017.0,MAstV2,4,2,70
MK671266/CHN/MAV2-17SP0801/cat/2017/MAstV2,CHN,MAV2-17SP0801,cat,2017.0,MAstV2,4,24,70
MK671267/CHN/MAV2-17SY0306/cat/2017/MAstV2,CHN,MAV2-17SY0306,cat,2017.0,MAstV2,4,2,70
MK671268/CHN/MAV2-18BC0502/cat/2018/MAstV2,CHN,MAV2-18BC0502,cat,2018.0,MAstV2,4,2,70
MK671269/CHN/MAV2-18CC0502/cat/2018/MAstV2,CHN,MAV2-18CC0502,cat,2018.0,MAstV2,4,2,70
MK671270/CHN/MAV2-18CC0512/cat/2018/MAstV2,CHN,MAV2-18CC0512,cat,2018.0,MAstV2,4,2,70
MK671271/CHN/MAV2-18CC0714/cat/2018/MAstV2,CHN,MAV2-18CC0714,cat,2018.0,MAstV2,4,2,70
MK671272/CHN/MAV2-18CC0903/cat/2018/MAstV2,CHN,MAV2-18CC0903,cat,2018.0,MAstV2,4,24,70
MK671273/CHN/MAV2-18DD0102/cat/2018/MAstV2,CHN,MAV2-18DD0102,cat,2018.0,MAstV2,4,24,70
MK671274/CHN/MAV2-18HRB0701/cat/2018/MAstV2,CHN,MAV2-18HRB0701,cat,2018.0,MAstV2,4,2,70
MK671275/CHN/MAV2-18JL0310/cat/2018/MAstV2,CHN,MAV2-18JL0310,cat,2018.0,MAstV2,4,24,70
MK671276/CHN/MAV2-18JL0705/cat/2018/MAstV2,CHN,MAV2-18JL0705,cat,2018.0,MAstV2,4,24,70
MK671277/CHN/MAV2-18JZ0701/cat/2018/MAstV2,CHN,MAV2-18JZ0701,cat,2018.0,MAstV2,4,24,70
MK671278/CHN/MAV2-18QQHE0707/cat/2018/MAstV2,CHN,MAV2-18QQHE0707,cat,2018.0,MAstV2,4,2,70
MK671279/CHN/MAV2-18SP0501/cat/2018/MAstV2,CHN,MAV2-18SP0501,cat,2018.0,MAstV2,4,2,70
MK671280/CHN/MAV2-18SY0302/cat/2018/MAstV2,CHN,MAV2-18SY0302,cat,2018.0,MAstV2,4,24,70
MK671281/CHN/MAV2-18SY0803/cat/2018/MAstV2,CHN,MAV2-18SY0803,cat,2018.0,MAstV2,4,24,70
MK671306/CHN/MAV2-17CC0308/cat/2017/MAstV2,CHN,MAV2-17CC0308,cat,2017.0,MAstV2,4,24,70
MK671307/CHN/MAV2-17HRB0511/cat/2017/MAstV2,CHN,MAV2-17HRB0511,cat,2017.0,MAstV2,4,2,70
MK671308/CHN/MAV2-17JL0318/cat/2017/MAstV2,CHN,MAV2-17JL0318,cat,2017.0,MAstV2,4,2,70
MK671309/CHN/MAV2-17SP0801/cat/2017/MAstV2,CHN,MAV2-17SP0801,cat,2017.0,MAstV2,4,2,70
MK671310/CHN/MAV2-18CC0502/cat/2018/MAstV2,CHN,MAV2-18CC0502,cat,2018.0,MAstV2,4,2,70
MK671311/CHN/MAV2-18JL0310/cat/2018/MAstV2,CHN,MAV2-18JL0310,cat,2018.0,MAstV2,4,24,70
MK671312/CHN/MAV2-18JL0705/cat/2018/MAstV2,CHN,MAV2-18JL0705,cat,2018.0,MAstV2,4,24,70
MK671313/CHN/MAV2-18SY0803/cat/2018/MAstV2,CHN,MAV2-18SY0803,cat,2018.0,MAstV2,4,24,70
MK882944/CHE/Gen-640/human/2015/MAstV1,CHE,Gen-640,human,2015.0,MAstV1,1,2,4
MK962341/ESP/NA/pig/2017/NA,ESP,,pig,2017.0,,32,15,12
MK962342/ESP/NA/pig/2017/NA,ESP,,pig,2017.0,,32,15,12
MK987099/CHE/BoAstV-VC34-338/cow/2016/NA,CHE,BoAstV-VC34-338,cow,2016.0,,68,71,61
MK987100/CHE/BoAstV-VC34-346/cow/2016/MAstV13hm,CHE,BoAstV-VC34-346,cow,2016.0,,8,33,5
MK987101/CHE/BoAstV-VC34-375/cow/2016/NA,CHE,BoAstV-VC34-375,cow,2016.0,,70,14,11
MK987102/CHE/BoAstV-VC65-693/cow/2016/NA,CHE,BoAstV-VC65-693,cow,2016.0,,71,67,10
MK987103/CHE/BoAstV-VC65-698/cow/2016/MAstV13hm,CHE,BoAstV-VC65-698,cow,2016.0,,8,33,5
MN148428/CHN/NA/tiger/2018/MAstV2,CHN,,tiger,2018.0,MAstV2,4,24,70
MN150124/SVN/NA/deer/2014/NA,SVN,,deer,2014.0,,23,46,75
MN150125/SVN/NA/deer/2014/NA,SVN,,deer,2014.0,,23,46,75
MN200262/URY/LVMS681/cow/2015/NA,URY,LVMS681,cow,2015.0,,64,56,44
MN200263/URY/LVMS2704/cow/2016/NA,URY,LVMS2704,cow,2016.0,,72,56,44
MN433703/USA/NA/human/2013/MAstV1,USA,,human,2013.0,MAstV1,1,2,4
MN433704/USA/NA/human/2013/MAstV1,USA,,human,2013.0,MAstV1,1,2,4
MN433705/USA/NA/human/2014/MAstV1,USA,,human,2014.0,MAstV1,1,2,4
MN433706/USA/NA/human/2014/MAstV1,USA,,human,2014.0,MAstV1,1,2,4
MN444721/USA/NA/human/2017/MAstV1,USA,,human,2017.0,MAstV1,1,2,4
MN718860/ITA/NA/cow/2015/NA,ITA,,cow,2015.0,,72,56,44
MN881999/CHN/NA/dog/2019/MAstV5,CHN,,dog,2019.0,MAstV5,16,10,6
MN882000/CHN/NA/dog/2019/MAstV5,CHN,,dog,2019.0,MAstV5,16,10,6
MN882001/CHN/NA/dog/2019/MAstV5,CHN,,dog,2019.0,MAstV5,16,10,6
MN882002/CHN/NA/dog/2019/MAstV5,CHN,,dog,2019.0,MAstV5,16,10,6
MN882003/CHN/NA/dog/2019/MAstV5,CHN,,dog,2019.0,MAstV5,16,10,6
MN882004/CHN/NA/dog/2019/MAstV5,CHN,,dog,2019.0,MAstV5,16,10,6
MN882005/CHN/NA/dog/2019/MAstV5,CHN,,dog,2019.0,MAstV5,16,10,6
MN882006/CHN/NA/dog/2019/MAstV5,CHN,,dog,2019.0,MAstV5,16,10,6
MN882007/CHN/NA/dog/2018/MAstV5,CHN,,dog,2018.0,MAstV5,16,10,6
MN882008/CHN/NA/dog/2018/MAstV5,CHN,,dog,2018.0,MAstV5,16,10,6
MN882009/CHN/NA/dog/2019/MAstV5,CHN,,dog,2019.0,MAstV5,16,10,6
MN882010/CHN/NA/dog/2019/MAstV5,CHN,,dog,2019.0,MAstV5,16,10,6
MN977119/CHN/NA/cat/2019/MAstV2,CHN,,cat,2019.0,MAstV2,4,24,70
MT078247/USA/MN1-USA-ORF-2017/dog/2017/MAstV5,USA,MN1-USA-ORF-2017,dog,2017.0,MAstV5,16,10,6
MT078248/USA/MN2-USA-2017/dog/2017/MAstV5,USA,MN2-USA-2017,dog,2017.0,MAstV5,16,10,6
MT267476/ZAF/NA/human/2015/MAstV1,ZAF,,human,2015.0,MAstV1,1,2,4
MT267480/ZAF/NA/human/2015/MAstV1,ZAF,,human,2015.0,MAstV1,1,2,4
MT267482/ZAF/NA/human/2015/MAstV1,ZAF,,human,2015.0,MAstV1,1,2,4
MT267484/ZAF/NA/human/2015/MAstV1,ZAF,,human,2015.0,MAstV1,1,2,4
MT432184/ITA/ITA-2018-205-18-5/human/2018/MAstV9,ITA,ITA-2018-205-18-5,human,2018.0,MAstV9,21,12,8
MT451917/KEN/K366/pig/2012/NA,KEN,K366,pig,2012.0,,31,61,52
MT451918/KEN/K062/pig/2012/NA,KEN,K062,pig,2012.0,,31,61,52
MT506231/CHN/RoAstV-CHN-S3/rat/2016/NA,CHN,RoAstV-CHN-S3,rat,2016.0,,73,83,57
MT549855/CHN/CHN-01/rat/2016/NA,CHN,CHN-01,rat,2016.0,,49,59,49
MT549858/CHN/CHN-147/rat/2016/NA,CHN,CHN-147,rat,2016.0,,74,72,62
MT549859/CHN/CHN-148/rat/2016/NA,CHN,CHN-148,rat,2016.0,,74,72,62
MT549860/CHN/CHN-100/rat/2016/NA,CHN,CHN-100,rat,2016.0,,74,72,62
MT642666/BEL/NA/pig/2019/NA,BEL,,pig,2019.0,,75,71,61
MT758371/EGY/Egy-1/cow/2015/NA,EGY,Egy-1,cow,2015.0,,64,56,44
MT766320/CHN/AstV-CHN-XJ-env-2018-ks7-ctg2/NA/2018/MAstV1,CHN,AstV-CHN-XJ-env-2018-ks7-ctg2,,2018.0,MAstV1,1,2,4
MT766321/CHN/AstV-CHN-XJ-env-2018-ks8-ctg1/NA/2018/MAstV1,CHN,AstV-CHN-XJ-env-2018-ks8-ctg1,,2018.0,MAstV1,1,2,4
MT766322/CHN/AstV-CHN-XJ-env-2018-ks11-ctg1/NA/2018/MAstV1,CHN,AstV-CHN-XJ-env-2018-ks11-ctg1,,2018.0,MAstV1,1,2,4
MT766323/CHN/AstV-CHN-XJ-env-2018-ht3-ctg1/NA/2018/MAstV1,CHN,AstV-CHN-XJ-env-2018-ht3-ctg1,,2018.0,MAstV1,1,2,4
MT766324/CHN/AstV-CHN-XJ-env-2018-ht8-ctg1/NA/2018/MAstV1,CHN,AstV-CHN-XJ-env-2018-ht8-ctg1,,2018.0,MAstV1,1,2,4
MT766325/CHN/AstV-CHN-XJ-env-2018-MD-ctg1/NA/2018/MAstV6,CHN,AstV-CHN-XJ-env-2018-MD-ctg1,,2018.0,MAstV6,17,25,23
MT766327/CHN/AstV-CHN-XJ-env-2018-ks7-ctg2/NA/2018/MAstV6,CHN,AstV-CHN-XJ-env-2018-ks7-ctg2,,2018.0,MAstV6,17,25,23
MT766328/CHN/AstV-CHN-XJ-env-2018-ks11-ctg2/NA/2018/MAstV6,CHN,AstV-CHN-XJ-env-2018-ks11-ctg2,,2018.0,MAstV6,17,25,23
MT766329/CHN/AstV-CHN-XJ-env-2018-ht3-ctg1/NA/2018/MAstV6,CHN,AstV-CHN-XJ-env-2018-ht3-ctg1,,2018.0,MAstV6,17,25,23
MT766331/CHN/AstV-CHN-XJ-env-2018-ht8-ctg1/NA/2018/MAstV6,CHN,AstV-CHN-XJ-env-2018-ht8-ctg1,,2018.0,MAstV6,17,25,23
MT766335/CHN/AstV-CHN-XJ-env-2018-ht8-ctg1/NA/2018/MAstV9,CHN,AstV-CHN-XJ-env-2018-ht8-ctg1,,2018.0,MAstV9,21,12,8
MT832892/BRA/TO-98/human/2015/MAstV1,BRA,TO-98,human,2015.0,MAstV1,1,2,4
MT832893/BRA/TO-160/human/2015/MAstV1,BRA,TO-160,human,2015.0,MAstV1,1,2,4
MT832894/BRA/TO-162/human/2011/MAstV1,BRA,TO-162,human,2011.0,MAstV1,1,2,4
MT832895/BRA/TO-171/human/2015/MAstV1,BRA,TO-171,human,2015.0,MAstV1,1,2,4
MT832896/BRA/TO-208/human/2015/MAstV1,BRA,TO-208,human,2015.0,MAstV1,1,2,4
MT832897/BRA/TO-161/human/2015/MAstV1,BRA,TO-161,human,2015.0,MAstV1,1,2,4
MT906853/BRA/BRA-TO-207/human/2014/MAstV1,BRA,BRA-TO-207,human,2014.0,MAstV1,1,2,4
MT906854/BRA/BRA-TO-71/human/2015/MAstV1,BRA,BRA-TO-71,human,2015.0,MAstV1,1,2,4
MT906855/BRA/BRA-TO-26/human/2014/MAstV1,BRA,BRA-TO-26,human,2014.0,MAstV1,1,2,4
MT906856/BRA/BRA-TO-65/human/2015/MAstV1,BRA,BRA-TO-65,human,2015.0,MAstV1,1,2,4
MT906857/BRA/BRA-TO-40/human/2014/MAstV1,BRA,BRA-TO-40,human,2014.0,MAstV1,1,2,4
MT906858/BRA/BRA-TO-57/human/2014/MAstV1,BRA,BRA-TO-57,human,2014.0,MAstV1,1,2,4
MT906859/BRA/BRA-TO-32/human/2014/MAstV1,BRA,BRA-TO-32,human,2014.0,MAstV1,1,2,4
MW037839/AUS/NA/cat/2018/NA,AUS,,cat,2018.0,,76,69,71
MW037840/AUS/NA/cat/2017/NA,AUS,,cat,2017.0,,5,69,71
MW037841/AUS/NA/cat/2018/MAstV2,AUS,,cat,2018.0,MAstV2,4,24,70
MW149253/HUN/NA/rat/2017/NA,HUN,,rat,2017.0,,74,72,62
MW164633/CAN/BC-SPCA/cat/2020/MAstV2,CAN,BC-SPCA,cat,2020.0,MAstV2,4,24,70
MW373712/CHN/BoAstv-CHN-Hebei-1-2019/cow/2019/NA,CHN,BoAstv-CHN-Hebei-1-2019,cow,2019.0,,63,53,48
MW373713/CHN/BoAstv-CHN-Hunan-1-2019/cow/2019/NA,CHN,BoAstv-CHN-Hunan-1-2019,cow,2019.0,,23,46,75
MW373714/CHN/BoAstv-CHN-HLJ-2-2019/cow/2019/NA,CHN,BoAstv-CHN-HLJ-2-2019,cow,2019.0,,23,46,75
MW373715/CHN/BoAstv-CHN-HLJ-1-2019/cow/2019/NA,CHN,BoAstv-CHN-HLJ-1-2019,cow,2019.0,,63,53,48
MW373716/CHN/BoAstv-CHN-SD-1-2019/cow/2019/NA,CHN,BoAstv-CHN-SD-1-2019,cow,2019.0,,72,56,44
MW373717/CHN/BoAstv-CHN-Hubei-1-2019/cow/2019/NA,CHN,BoAstv-CHN-Hubei-1-2019,cow,2019.0,,72,56,44
MW373718/CHN/BoAstv-CHN-Henan-2-2019/cow/2019/NA,CHN,BoAstv-CHN-Henan-2-2019,cow,2019.0,,53,55,43
MW373719/CHN/BoAstv-CHN-Henan-1-2019/cow/2019/NA,CHN,BoAstv-CHN-Henan-1-2019,cow,2019.0,,30,21,19
MW373720/CHN/BoAstv-CHN-JL-1-2019/cow/2019/NA,CHN,BoAstv-CHN-JL-1-2019,cow,2019.0,,72,56,44
MW450837/CHN/BF2-astro-YN-CHN-2020/bat/2020/NA,CHN,BF2-astro-YN-CHN-2020,bat,2020.0,,77,0,78
MW485039/KEN/NA/human/2019/MAstV1,KEN,,human,2019.0,MAstV1,1,2,4
MW485040/KEN/NA/human/2019/MAstV1,KEN,,human,2019.0,MAstV1,1,2,4
MW485041/KEN/NA/human/2019/MAstV1,KEN,,human,2019.0,MAstV1,1,2,4
MW485042/KEN/NA/human/2019/MAstV1,KEN,,human,2019.0,MAstV1,1,2,4
MW485043/KEN/NA/human/2019/MAstV1,KEN,,human,2019.0,MAstV1,1,2,4
MW485044/KEN/NA/human/2019/MAstV1,KEN,,human,2019.0,MAstV1,1,2,4
MW504545/USA/15211-AST-len-6388-cov-52-529133/pig/2018/NA,USA,15211-AST-len-6388-cov-52-529133,pig,2018.0,,45,27,25
MW504546/USA/15217-AST-len-6452-cov-17-307332/pig/2018/NA,USA,15217-AST-len-6452-cov-17-307332,pig,2018.0,,0,79,3
MW504547/USA/15211-AST-len-3696-cov-139-405383/pig/2018/NA,USA,15211-AST-len-3696-cov-139-405383,pig,2018.0,,78,38,35
MW504548/USA/15214-AST-len-3142-cov-186-152899/pig/2018/NA,USA,15214-AST-len-3142-cov-186-152899,pig,2018.0,,26,38,35
MW504549/USA/15211-AST-len-3556-cov-745-981434/pig/2018/NA,USA,15211-AST-len-3556-cov-745-981434,pig,2018.0,,28,20,18
MW504550/USA/15211-AST-len-6383-cov-846-694532/pig/2018/NA,USA,15211-AST-len-6383-cov-846-694532,pig,2018.0,,59,29,40
MW504551/USA/15211-AST-len-5924-cov-1028-513035/pig/2018/NA,USA,15211-AST-len-5924-cov-1028-513035,pig,2018.0,,62,62,47
MW504552/USA/15214-AST-len-6117-cov-31-526724/pig/2018/NA,USA,15214-AST-len-6117-cov-31-526724,pig,2018.0,,62,62,47
MW504553/USA/15216-AST-len-6394-cov-49-822685/pig/2018/NA,USA,15216-AST-len-6394-cov-49-822685,pig,2018.0,,62,62,47
MW504554/USA/15213-AST-len-6398-cov-89-848021/pig/2018/NA,USA,15213-AST-len-6398-cov-89-848021,pig,2018.0,,62,62,47
MW504556/USA/15209-AST-len-6414-cov-16-838497/pig/2018/NA,USA,15209-AST-len-6414-cov-16-838497,pig,2018.0,,79,23,21
MW504557/USA/15217-AST-len-6431-cov-31-131274/pig/2018/NA,USA,15217-AST-len-6431-cov-31-131274,pig,2018.0,,48,48,77
MW504558/USA/15216-AST-len-6470-cov-1464-991738/pig/2018/NA,USA,15216-AST-len-6470-cov-1464-991738,pig,2018.0,,27,41,69
MW504559/USA/15211-AST-len-6300-cov-172-501041/pig/2018/NA,USA,15211-AST-len-6300-cov-172-501041,pig,2018.0,,58,66,1
MW504560/USA/15213-AST-len-6405-cov-45-141575/pig/2018/NA,USA,15213-AST-len-6405-cov-45-141575,pig,2018.0,,27,41,69
MW504561/USA/15215-AST-len-6433-cov-73-331765/pig/2018/NA,USA,15215-AST-len-6433-cov-73-331765,pig,2018.0,,27,41,69
MW504562/USA/15214-AST-len-6398-cov-287-341794/pig/2018/NA,USA,15214-AST-len-6398-cov-287-341794,pig,2018.0,,39,58,46
MW504563/USA/15217-AST-len-6409-cov-36-668240/pig/2018/NA,USA,15217-AST-len-6409-cov-36-668240,pig,2018.0,,39,58,46
MW504565/USA/15212-AST-len-6392-cov-43-742307/pig/2018/NA,USA,15212-AST-len-6392-cov-43-742307,pig,2018.0,,29,82,56
MW504567/USA/15214-AST-len-6394-cov-119-013882/pig/2018/NA,USA,15214-AST-len-6394-cov-119-013882,pig,2018.0,,29,82,56
MW504569/USA/15210-AST-len-6256-cov-20-917755/pig/2018/NA,USA,15210-AST-len-6256-cov-20-917755,pig,2018.0,,26,38,35
MW504570/USA/15211-AST-len-6632-cov-111-322335/pig/2018/NA,USA,15211-AST-len-6632-cov-111-322335,pig,2018.0,,69,34,31
MW504571/USA/15211-AST-len-6232-cov-1330-863040/pig/2018/NA,USA,15211-AST-len-6232-cov-1330-863040,pig,2018.0,,54,85,59
MW504572/USA/15213-AST-len-6681-cov-706-788258/pig/2018/NA,USA,15213-AST-len-6681-cov-706-788258,pig,2018.0,,54,39,36
MW504573/USA/15213-AST-len-6253-cov-80-443692/pig/2018/NA,USA,15213-AST-len-6253-cov-80-443692,pig,2018.0,,80,73,63
MW504576/USA/15210-AST-len-6624-cov-2753-325011/pig/2018/NA,USA,15210-AST-len-6624-cov-2753-325011,pig,2018.0,,47,20,18
MW504577/USA/15217-AST-len-6652-cov-21-318023/pig/2018/NA,USA,15217-AST-len-6652-cov-21-318023,pig,2018.0,,40,45,74
MW653748/USA/USA-IA-6535D-2018/pig/2018/NA,USA,USA-IA-6535D-2018,pig,2018.0,,32,15,12
MW653749/USA/USA-IA-53214C-2018/pig/2018/NA,USA,USA-IA-53214C-2018,pig,2018.0,,32,15,12
MW653750/USA/USA-IA-53797GA-2019/pig/2019/NA,USA,USA-IA-53797GA-2019,pig,2019.0,,32,15,12
MW653751/USA/USA-IA-72701A-2019/pig/2019/NA,USA,USA-IA-72701A-2019,pig,2019.0,,32,15,12
MW653752/USA/USA-IA-72701B-2019/pig/2019/NA,USA,USA-IA-72701B-2019,pig,2019.0,,32,15,12
MW653753/USA/USA-IA-32345-2020/pig/2020/NA,USA,USA-IA-32345-2020,pig,2020.0,,32,15,12
MW732145/USA/NA/pig/2020/NA,USA,,pig,2020.0,,32,15,12
MW732146/USA/NA/pig/2020/NA,USA,,pig,2020.0,,32,15,12
MW732148/USA/NA/pig/2018/NA,USA,,pig,2018.0,,32,15,12
MW732149/USA/NA/pig/2020/NA,USA,,pig,2020.0,,32,15,12
MW732150/USA/NA/pig/2020/NA,USA,,pig,2020.0,,32,15,12
MW732151/USA/NA/pig/2019/NA,USA,,pig,2019.0,,32,15,12
MW732152/USA/NA/pig/2020/NA,USA,,pig,2020.0,,32,15,12
MW732153/USA/NA/pig/2018/NA,USA,,pig,2018.0,,32,15,12
MW732155/USA/NA/pig/2020/NA,USA,,pig,2020.0,,32,15,12
MW732156/USA/NA/pig/2020/NA,USA,,pig,2020.0,,32,15,12
MW732157/USA/NA/pig/2020/NA,USA,,pig,2020.0,,32,15,12
MW826416/CHN/XZS01/rat/2018/NA,CHN,XZS01,rat,2018.0,,81,84,58
MW826530/CHN/YSS03/rat/2019/NA,CHN,YSS03,rat,2019.0,,82,70,60
MW853971/CHN/AstroV-HMU-1/california-sea-lion/2018/MAstV11,CHN,AstroV-HMU-1,california-sea-lion,2018.0,MAstV11,6,63,76
MW962975/CHN/PAstV4-YN01-2020/pig/2020/NA,CHN,PAstV4-YN01-2020,pig,2020.0,,80,73,63
MZ325424/CHN/NA/pig/2020/NA,CHN,,pig,2020.0,,29,82,56
MZ325425/CHN/NA/pig/2020/NA,CHN,,pig,2020.0,,83,78,68
MZ325426/CHN/NA/pig/2020/NA,CHN,,pig,2020.0,,65,35,32
MZ325427/CHN/NA/pig/2020/NA,CHN,,pig,2020.0,,84,23,21
MZ325428/CHN/NA/pig/2020/NA,CHN,,pig,2020.0,,52,35,32
MZ325429/CHN/NA/pig/2020/NA,CHN,,pig,2020.0,,65,22,20
MZ325430/CHN/NA/pig/2020/NA,CHN,,pig,2020.0,,52,35,32
MZ357118/CHN/Moin135AstV01-8/rat/2020/NA,CHN,Moin135AstV01-8,rat,2020.0,,85,50,39
MZ603071/NA/HAstV-MLB1-RVAB/NA/2010/MAstV6,,HAstV-MLB1-RVAB,human,2010.0,MAstV6,17,25,23
MZ603076/NA/HAstV-VA2-RVAB/NA/2010/MAstV8,,HAstV-VA2-RVAB,human,2010.0,MAstV8,19,18,16
MZ603733/CHN/BoAstV-CN-HB-SJZ-2021/cow/2021/NA,CHN,BoAstV-CN-HB-SJZ-2021,cow,2021.0,,63,53,48
MZ707081/CHN/WYL077032/human/2020/MAstV6,CHN,WYL077032,human,2020.0,MAstV6,17,25,23
MZ819164/CHL/PoAstV2-Swine-CHI-FB036-2017/pig/2017/NA,CHL,PoAstV2-Swine-CHI-FB036-2017,pig,2017.0,,62,62,47
MZ819165/CHL/PoAstV2-Swine-CHI-CF2673-2017/pig/2017/NA,CHL,PoAstV2-Swine-CHI-CF2673-2017,pig,2017.0,,46,22,20
MZ819174/CHL/PoAstV4-Swine-CHI-FB016-2017/pig/2017/NA,CHL,PoAstV4-Swine-CHI-FB016-2017,pig,2017.0,,33,28,26
OL689632/CHN/AH-1/pig/2021/NA,CHN,AH-1,pig,2021.0,,0,79,3
OL695850/CHN/AH4-3/pig/2021/NA,CHN,AH4-3,pig,2021.0,,86,37,34
OL695851/CHN/AH2-1/pig/2021/NA,CHN,AH2-1,pig,2021.0,,87,35,32
OL695852/CHN/AH2-2/pig/2021/NA,CHN,AH2-2,pig,2021.0,,88,38,35
OL695853/CHN/AH2-3/pig/2021/NA,CHN,AH2-3,pig,2021.0,,78,38,35
OL695854/CHN/AH2-4/pig/2021/NA,CHN,AH2-4,pig,2021.0,,89,48,77
OL695856/CHN/AH2-6/pig/2021/NA,CHN,AH2-6,pig,2021.0,,90,5,82
OL695857/CHN/AH2-7/pig/2021/NA,CHN,AH2-7,pig,2021.0,,91,66,1
OM105035/ZAF/BSF2/pig/2021/MAstV3,ZAF,BSF2,pig,2021.0,MAstV3,0,79,3
OM105047/ZAF/BSF1/pig/2021/NA,ZAF,BSF1,pig,2021.0,,91,66,1
OM105048/ZAF/BSF1/pig/2021/NA,ZAF,BSF1,pig,2021.0,,62,62,47
OM366110/USA/NA/pig/2020/NA,USA,,pig,2020.0,,46,22,20
OM366112/USA/NA/pig/2020/NA,USA,,pig,2020.0,,46,22,20
OM366150/USA/NA/pig/2020/NA,USA,,pig,2020.0,,45,27,25
OM366151/USA/NA/pig/2020/NA,USA,,pig,2020.0,,45,27,25
OM366152/USA/NA/pig/2020/NA,USA,,pig,2020.0,,45,27,25
OM480532/CHN/NA/porcupine/2020/NA,CHN,,porcupine,2020.0,,45,27,25
OM966722/ZAF/BSF2/pig/2021/NA,ZAF,BSF2,pig,2021.0,,42,35,32
OM966723/ZAF/BSF3/pig/2021/NA,ZAF,BSF3,pig,2021.0,,52,35,32
ON191568/USA/NA/cow/2020/NA,USA,,cow,2020.0,,92,75,65
ON391462/CHN/PAstV-SH-2022-CM1/pig/2022/NA,CHN,PAstV-SH-2022-CM1,pig,2022.0,,93,37,34
ON552247/USA/NA/cow/2021/NA,USA,,cow,2021.0,,92,75,65
ON571594/CHN/2019-Fuzhou-26/human/2019/MAstV1,CHN,2019-Fuzhou-26,human,2019.0,MAstV1,1,2,4
ON571595/CHN/2019-Fuzhou-289/human/2019/MAstV1,CHN,2019-Fuzhou-289,human,2019.0,MAstV1,1,2,4
ON571596/CHN/2019-Fuzhou-306/human/2019/MAstV1,CHN,2019-Fuzhou-306,human,2019.0,MAstV1,1,2,4
ON571597/CHN/2019-Pingtan-42/human/2019/MAstV1,CHN,2019-Pingtan-42,human,2019.0,MAstV1,1,2,4
ON571598/CHN/2021-Fuzhou-37/human/2021/MAstV1,CHN,2021-Fuzhou-37,human,2021.0,MAstV1,1,2,4
ON595824/AUS/FPV-1/cat/2017/MAstV2,AUS,FPV-1,cat,2017.0,MAstV2,4,2,70
ON595825/AUS/FPV-2/cat/2016/NA,AUS,FPV-2,cat,2016.0,,4,2,70
ON595826/AUS/FPV-3/cat/2017/MAstV2,AUS,FPV-3,cat,2017.0,MAstV2,4,2,70
ON595827/AUS/FPV-4/cat/2017/MAstV2,AUS,FPV-4,cat,2017.0,MAstV2,4,2,70
ON595828/AUS/FPV-5/cat/2016/MAstV2,AUS,FPV-5,cat,2016.0,MAstV2,4,24,70
ON595829/AUS/FPV-6/cat/2017/MAstV2,AUS,FPV-6,cat,2017.0,MAstV2,4,24,70
ON595830/AUS/FPV-8/cat/2016/NA,AUS,FPV-8,cat,2016.0,,4,2,70
ON595831/AUS/FPV-10/cat/2017/MAstV2,AUS,FPV-10,cat,2017.0,MAstV2,4,2,70
ON595832/AUS/FPV-11/cat/2017/MAstV2,AUS,FPV-11,cat,2017.0,MAstV2,4,2,70
ON595833/AUS/FPV-12/cat/2016/MAstV2,AUS,FPV-12,cat,2016.0,MAstV2,4,24,70
ON624251/CHN/NA/cow/2021/NA,CHN,,cow,2021.0,,30,21,19
ON624252/CHN/NA/cow/2021/NA,CHN,,cow,2021.0,,45,27,25
ON624253/CHN/NA/cow/2021/NA,CHN,,cow,2021.0,,30,21,19
ON624254/CHN/NA/cow/2021/NA,CHN,,cow,2021.0,,53,55,43
ON624255/CHN/NA/cow/2021/NA,CHN,,cow,2021.0,,63,53,48
ON624256/CHN/NA/cow/2021/NA,CHN,,cow,2021.0,,30,21,19
ON624257/CHN/NA/cow/2021/NA,CHN,,cow,2021.0,,30,21,19
ON624258/CHN/NA/cow/2021/NA,CHN,,cow,2021.0,,72,56,44
ON624259/CHN/NA/cow/2021/NA,CHN,,cow,2021.0,,72,56,44
ON624260/CHN/NA/cow/2021/NA,CHN,,cow,2021.0,,53,55,43
ON624261/CHN/NA/cow/2021/NA,CHN,,cow,2021.0,,53,55,43
ON624262/CHN/NA/cow/2021/NA,CHN,,cow,2021.0,,72,56,44
ON624263/CHN/NA/cow/2021/NA,CHN,,cow,2021.0,,53,55,43
ON624264/CHN/NA/cow/2021/NA,CHN,,cow,2021.0,,63,53,48
ON624265/CHN/NA/cow/2021/NA,CHN,,cow,2021.0,,63,53,48
ON624266/CHN/NA/cow/2021/NA,CHN,,cow,2021.0,,23,46,75
ON624267/CHN/NA/cow/2021/NA,CHN,,cow,2021.0,,63,53,48
ON624268/CHN/NA/cow/2021/NA,CHN,,cow,2021.0,,22,16,13
ON624269/CHN/NA/cow/2021/NA,CHN,,cow,2021.0,,24,48,77
ON624270/CHN/NA/cow/2021/NA,CHN,,cow,2021.0,,72,56,44
ON624271/CHN/NA/cow/2021/NA,CHN,,cow,2021.0,,53,55,43
ON624272/CHN/NA/cow/2021/NA,CHN,,cow,2021.0,,63,53,48
ON624273/CHN/NA/cow/2021/NA,CHN,,cow,2021.0,,63,53,48
ON624274/CHN/NA/cow/2021/NA,CHN,,cow,2021.0,,72,56,44
ON624275/CHN/NA/cow/2021/NA,CHN,,cow,2021.0,,63,53,48
ON624276/CHN/NA/cow/2021/NA,CHN,,cow,2021.0,,63,53,48
ON624277/CHN/NA/cow/2021/NA,CHN,,cow,2021.0,,24,48,77
ON624278/CHN/NA/cow/2021/NA,CHN,,cow,2021.0,,22,16,13
ON624279/CHN/NA/cow/2021/NA,CHN,,cow,2021.0,,53,55,43
ON624280/CHN/NA/cow/2021/NA,CHN,,cow,2021.0,,22,16,13
ON624281/CHN/NA/cow/2021/NA,CHN,,cow,2021.0,,24,48,77
ON624282/CHN/NA/cow/2021/NA,CHN,,cow,2021.0,,63,53,48
ON624283/CHN/NA/cow/2021/NA,CHN,,cow,2021.0,,72,56,44
ON624284/CHN/NA/cow/2021/NA,CHN,,cow,2021.0,,23,46,75
ON682272/CHN/NA/cow/2021/NA,CHN,,cow,2021.0,,63,53,48
ON682275/CHN/NA/cow/2021/NA,CHN,,cow,2021.0,,64,56,44
ON682276/CHN/NA/cow/2021/NA,CHN,,cow,2021.0,,63,53,48
ON682278/CHN/NA/cow/2021/NA,CHN,,cow,2021.0,,63,53,48
ON682281/CHN/NA/cow/2021/NA,CHN,,cow,2021.0,,72,56,44
ON682282/CHN/NA/cow/2021/NA,CHN,,cow,2021.0,,45,27,25
ON682283/CHN/NA/cow/2021/NA,CHN,,cow,2021.0,,72,56,44
ON682285/CHN/NA/cow/2021/NA,CHN,,cow,2021.0,,72,56,44
ON682286/CHN/NA/cow/2021/NA,CHN,,cow,2021.0,,30,21,19
ON682288/CHN/NA/cow/2021/NA,CHN,,cow,2021.0,,72,56,44
ON682289/CHN/NA/cow/2021/NA,CHN,,cow,2021.0,,63,53,48
ON682290/CHN/NA/cow/2021/NA,CHN,,cow,2021.0,,63,53,48
ON682291/CHN/NA/cow/2021/NA,CHN,,cow,2021.0,,72,56,44
ON682292/CHN/NA/cow/2021/NA,CHN,,cow,2021.0,,63,53,48
ON682293/CHN/NA/cow/2021/NA,CHN,,cow,2021.0,,63,53,48
ON682295/CHN/NA/cow/2021/NA,CHN,,cow,2021.0,,22,16,13
ON682296/CHN/NA/cow/2021/NA,CHN,,cow,2021.0,,30,21,19
ON682300/CHN/NA/cow/2021/NA,CHN,,cow,2021.0,,72,56,44
ON682301/CHN/NA/cow/2021/NA,CHN,,cow,2021.0,,64,56,44
ON682302/CHN/NA/cow/2021/NA,CHN,,cow,2021.0,,72,56,44
ON714996/ESP/SP-VC36/pig/2017/NA,ESP,SP-VC36,pig,2017.0,,46,22,20
ON714997/ESP/SP-VC9/pig/2017/NA,ESP,SP-VC9,pig,2017.0,,46,22,20
ON714998/ESP/SP-VC29/pig/2017/NA,ESP,SP-VC29,pig,2017.0,,29,82,56
ON714999/ESP/SP-VC41/pig/2017/NA,ESP,SP-VC41,pig,2017.0,,41,82,56
ON715001/ESP/SP-VC29/pig/2017/NA,ESP,SP-VC29,pig,2017.0,,32,15,12
ON733251/HUN/NA/dog/2021/MAstV5,HUN,,dog,2021.0,MAstV5,16,10,6
ON792967/ESP/SP-VC29/pig/2017/NA,ESP,SP-VC29,pig,2017.0,,33,28,26
ON792968/ESP/SP-VC41/pig/2017/NA,ESP,SP-VC41,pig,2017.0,,33,28,26
ON792969/ESP/SP-VT9/pig/2018/NA,ESP,SP-VT9,pig,2018.0,,33,28,26
ON792970/ESP/SP-VC9/pig/2017/NA,ESP,SP-VC9,pig,2017.0,,33,28,26
ON792971/ESP/SP-VC19/pig/2017/NA,ESP,SP-VC19,pig,2017.0,,33,28,26
ON792972/ESP/SP-VT41/pig/2018/NA,ESP,SP-VT41,pig,2018.0,,33,28,26
ON885950/CHN/NA/buffalo/2021/NA,CHN,,water-buffalo,2021.0,,94,32,30
ON885951/CHN/NA/buffalo/2021/NA,CHN,,water-buffalo,2021.0,,94,32,30
ON885952/CHN/NA/takin/2021/NA,CHN,,takin,2021.0,,23,46,75
ON932805/CHN/AstroV-HMU-3/rat/2019/NA,CHN,AstroV-HMU-3,rat,2019.0,,85,50,39
OP076743/SAU/DcAstV-Jd60-KSA-2014/camel/2014/NA,SAU,DcAstV-Jd60-KSA-2014,camel,2014.0,,52,35,32
OP076744/SAU/DcAstV-Jd70-KSA-2014/camel/2014/NA,SAU,DcAstV-Jd70-KSA-2014,camel,2014.0,,52,35,32
OP076745/SAU/DcAstV-Jd73-KSA-2014/camel/2014/NA,SAU,DcAstV-Jd73-KSA-2014,camel,2014.0,,36,19,17
OP076746/SAU/DcAstV-Jd76-KSA-2014/camel/2014/NA,SAU,DcAstV-Jd76-KSA-2014,camel,2014.0,,36,19,17
OP076747/SAU/DcAstV-Jd53-KSA-2014/camel/2014/NA,SAU,DcAstV-Jd53-KSA-2014,camel,2014.0,,36,19,17
OP076748/SAU/DcAstV-Jd57-KSA-2014/camel/2014/NA,SAU,DcAstV-Jd57-KSA-2014,camel,2014.0,,36,19,17
OP076749/SAU/DcAstV-Jd67-KSA-2014/camel/2014/NA,SAU,DcAstV-Jd67-KSA-2014,camel,2014.0,,52,35,32
OP076750/SAU/DcAstV-Jd74-KSA-2014/camel/2014/NA,SAU,DcAstV-Jd74-KSA-2014,camel,2014.0,,52,35,32
OP076765/CHN/BcAstV-NMG31-CHN-2015/camel/2015/NA,CHN,BcAstV-NMG31-CHN-2015,camel,2015.0,,41,82,56
OP076766/CHN/BcAstV-NMG59-CHN-2015/camel/2015/NA,CHN,BcAstV-NMG59-CHN-2015,camel,2015.0,,52,35,32
OP093957/BRA/PK03/dog/2019/MAstV5,BRA,PK03,dog,2019.0,MAstV5,16,10,6
OP093958/BRA/PK01/dog/2019/MAstV5,BRA,PK01,dog,2019.0,MAstV5,16,10,6
OP413941/CHN/PF209-con-AstV1/pig/2018/NA,CHN,PF209-con-AstV1,pig,2018.0,,62,62,47
OP413942/CHN/PF101-con-AstV2/pig/2018/NA,CHN,PF101-con-AstV2,pig,2018.0,,54,85,59
OP413943/CHN/PF183-con-AstV3/pig/2018/NA,CHN,PF183-con-AstV3,pig,2018.0,,32,15,12
OP413945/CHN/PF169-con-AstV5/pig/2018/NA,CHN,PF169-con-AstV5,pig,2018.0,,46,22,20
OP413946/CHN/PF170-con-AstV6/pig/2018/NA,CHN,PF170-con-AstV6,pig,2018.0,,78,38,35
OP413947/CHN/PF171-con-AstV7/pig/2018/NA,CHN,PF171-con-AstV7,pig,2018.0,,46,22,20
OP413948/CHN/PF172-con-AstV8/pig/2018/NA,CHN,PF172-con-AstV8,pig,2018.0,,27,41,69
OP413949/CHN/PF197-con-AstV9/pig/2018/NA,CHN,PF197-con-AstV9,pig,2018.0,,27,41,69
OP413951/CHN/PF201-con-AstV11/pig/2018/NA,CHN,PF201-con-AstV11,pig,2018.0,,93,28,26
OP413953/CHN/PF202-con-AstV13/pig/2018/NA,CHN,PF202-con-AstV13,pig,2018.0,,93,37,34
OP413954/CHN/PF203-con-AstV14/pig/2018/NA,CHN,PF203-con-AstV14,pig,2018.0,,47,37,34
OP413955/CHN/PF208-con-AstV15/pig/2018/NA,CHN,PF208-con-AstV15,pig,2018.0,,46,22,20
OP413957/CHN/PF95-con-AstV17/pig/2018/NA,CHN,PF95-con-AstV17,pig,2018.0,,75,71,61
OP413958/CHN/PF209-con-AstV18/pig/2018/NA,CHN,PF209-con-AstV18,pig,2018.0,,54,85,59
OP413959/CHN/PF215-con-AstV19/pig/2018/NA,CHN,PF215-con-AstV19,pig,2018.0,,47,37,34
OP413960/CHN/PF215-con-AstV20/pig/2018/NA,CHN,PF215-con-AstV20,pig,2018.0,,27,41,69
OP413962/CHN/PF85-con-AstV22/pig/2018/NA,CHN,PF85-con-AstV22,pig,2018.0,,48,48,77
OP413963/CHN/PF89-con-AstV23/pig/2018/NA,CHN,PF89-con-AstV23,pig,2018.0,,91,66,1
OP413965/CHN/PF92-con-AstV25/pig/2018/NA,CHN,PF92-con-AstV25,pig,2018.0,,47,37,34
OP413966/CHN/PF94-con-AstV26/pig/2018/NA,CHN,PF94-con-AstV26,pig,2018.0,,26,38,35
OP432293/CHN/HAstV-4-RC-21027/human/2021/MAstV1,CHN,HAstV-4-RC-21027,human,2021.0,MAstV1,1,2,4
OP432294/CHN/HAstV-4-QD-L-22040/human/2022/MAstV1,CHN,HAstV-4-QD-L-22040,human,2022.0,MAstV1,1,2,4
OP432295/CHN/HAstV-4-QD-F-22056/human/2022/MAstV1,CHN,HAstV-4-QD-F-22056,human,2022.0,MAstV1,1,2,4
OP432297/CHN/HAstV-4-QD-L-22001/human/2022/MAstV1,CHN,HAstV-4-QD-L-22001,human,2022.0,MAstV1,1,2,4
OP432298/CHN/HAstV-4-QD-S-22015/human/2022/MAstV1,CHN,HAstV-4-QD-S-22015,human,2022.0,MAstV1,1,2,4
OP432299/CHN/HAstV-4-RC-21045/human/2021/MAstV1,CHN,HAstV-4-RC-21045,human,2021.0,MAstV1,1,2,4
OP432300/CHN/HAstV-4-QD-S-22022/human/2022/MAstV1,CHN,HAstV-4-QD-S-22022,human,2022.0,MAstV1,1,2,4
OP432301/CHN/HAstV-4-QD-L-22019/human/2022/MAstV1,CHN,HAstV-4-QD-L-22019,human,2022.0,MAstV1,1,2,4
OP643769/KOR/PAstV1-KOR-1006-2-2020-Brain/pig/2020/MAstV3,KOR,PAstV1-KOR-1006-2-2020-Brain,pig,2020.0,MAstV3,0,79,3
OP643770/KOR/PAstV2-KOR-1006-2-2020-Intestine/pig/2020/NA,KOR,PAstV2-KOR-1006-2-2020-Intestine,pig,2020.0,,65,58,46
OP643771/KOR/PAstV2-KOR-1295-2020-Intestine1/pig/2020/NA,KOR,PAstV2-KOR-1295-2020-Intestine1,pig,2020.0,,27,41,69
OP643772/KOR/PAstV3-KOR-1295-2020-Brain/pig/2020/NA,KOR,PAstV3-KOR-1295-2020-Brain,pig,2020.0,,61,8,86
OP643773/KOR/PAstV4-KOR-1006-1-2020-Intestine/pig/2020/NA,KOR,PAstV4-KOR-1006-1-2020-Intestine,pig,2020.0,,93,28,26
OP643774/KOR/PAstV4-KOR-1006-2-2020-Brain/pig/2020/NA,KOR,PAstV4-KOR-1006-2-2020-Brain,pig,2020.0,,49,37,34
OP643775/KOR/PAstV4-KOR-1006-2-2020-Intestine/pig/2020/NA,KOR,PAstV4-KOR-1006-2-2020-Intestine,pig,2020.0,,49,37,34
OP643776/KOR/PAstV4-KOR-1096-2020-Intestine/pig/2020/NA,KOR,PAstV4-KOR-1096-2020-Intestine,pig,2020.0,,69,57,45
OP643777/KOR/PAstV4-KOR-1295-2020-Intestine1/pig/2020/NA,KOR,PAstV4-KOR-1295-2020-Intestine1,pig,2020.0,,93,20,18
OP643778/KOR/PAstV4-KOR-1295-2020-Intestine2/pig/2020/NA,KOR,PAstV4-KOR-1295-2020-Intestine2,pig,2020.0,,95,54,42
OP681154/CHN/FeAstV21SH0505-2/cat/2021/NA,CHN,FeAstV21SH0505-2,cat,2021.0,,96,1,79
OP681155/CHN/FeAstV21SH050-20/cat/2021/NA,CHN,FeAstV21SH050-20,cat,2021.0,,96,1,79
OP681156/CHN/FeAstV21SH0505-11/cat/2021/MAstV2,CHN,FeAstV21SH0505-11,cat,2021.0,MAstV2,4,24,70
OP681157/CHN/FeAstV22SH0725-12/cat/2022/MAstV2,CHN,FeAstV22SH0725-12,cat,2022.0,MAstV2,4,24,70
OP681158/CHN/FeAstV21SH0505-31/cat/2021/MAstV2,CHN,FeAstV21SH0505-31,cat,2021.0,MAstV2,4,24,70
OP681159/CHN/FeAstV21SH0505-6/cat/2021/MAstV2,CHN,FeAstV21SH0505-6,cat,2021.0,MAstV2,4,2,70
OP681160/CHN/FeAstV21SH0505-15/cat/2021/MAstV2,CHN,FeAstV21SH0505-15,cat,2021.0,MAstV2,4,2,70
OP681161/CHN/FeAstV22SH0725-16/cat/2022/MAstV2,CHN,FeAstV22SH0725-16,cat,2022.0,MAstV2,4,24,70
OQ198033/CHN/AstroviridaeDogfe437C1full/dog/2020/MAstV5,CHN,AstroviridaeDogfe437C1full,dog,2020.0,MAstV5,16,10,6
OQ198034/CHN/AstroviridaeDogfe380C1full/dog/2020/NA,CHN,AstroviridaeDogfe380C1full,dog,2020.0,,97,17,14
OQ198035/CHN/AstroviridaeDogfe376C1full/dog/2020/NA,CHN,AstroviridaeDogfe376C1full,dog,2020.0,,98,80,83
OQ198036/CHN/AstroviridaeDogfe365C2full/dog/2020/NA,CHN,AstroviridaeDogfe365C2full,dog,2020.0,,97,17,14
OQ198037/CHN/AstroviridaeDogfe360C10full/dog/2020/NA,CHN,AstroviridaeDogfe360C10full,dog,2020.0,,97,17,14
OQ198038/CHN/AstroviridaeDogfe360C3full/dog/2020/NA,CHN,AstroviridaeDogfe360C3full,dog,2020.0,,16,10,6
OQ198039/CHN/AstroviridaeDogfe352C7full/dog/2020/NA,CHN,AstroviridaeDogfe352C7full,dog,2020.0,,99,30,27
OQ198040/CHN/AstroviridaeDogfe352C1full/dog/2020/NA,CHN,AstroviridaeDogfe352C1full,dog,2020.0,,16,10,6
OQ198041/CHN/AstroviridaeDogfe351C1full/dog/2020/NA,CHN,AstroviridaeDogfe351C1full,dog,2020.0,,16,10,6
OQ198042/CHN/AstroviridaeDogfe346C1full/dog/2020/NA,CHN,AstroviridaeDogfe346C1full,dog,2020.0,,64,56,44
OQ198043/CHN/AstroviridaeDogfe338C1full/dog/2020/NA,CHN,AstroviridaeDogfe338C1full,dog,2020.0,,53,55,43
OQ198045/CHN/AstroviridaeDogfe331C1full/dog/2020/NA,CHN,AstroviridaeDogfe331C1full,dog,2020.0,,98,80,83
OQ198046/CHN/AstroviridaeDogfe326C3full/dog/2020/NA,CHN,AstroviridaeDogfe326C3full,dog,2020.0,,53,55,43
OQ198047/CHN/AstroviridaeDogfe326C1full/dog/2020/NA,CHN,AstroviridaeDogfe326C1full,dog,2020.0,,35,13,9
OQ198049/CHN/AstroviridaeDogfe319C1full/dog/2020/NA,CHN,AstroviridaeDogfe319C1full,dog,2020.0,,97,17,14
OQ198050/CHN/AstroviridaeDogfe316C2full/dog/2020/NA,CHN,AstroviridaeDogfe316C2full,dog,2020.0,,72,56,44
OQ198051/CHN/AstroviridaeDogfe316C1full/dog/2020/NA,CHN,AstroviridaeDogfe316C1full,dog,2020.0,,23,46,75
OQ630461/GIN/SEN-21-286-S1/human/2021/MAstV1,GIN,SEN-21-286-S1,human,2021.0,MAstV1,1,2,4
OQ943846/CHN/NA/human/2020/MAstV1,CHN,,human,2020.0,MAstV1,1,2,4
OQ943847/CHN/NA/human/2020/MAstV1,CHN,,human,2020.0,MAstV1,1,2,4
OQ943848/CHN/NA/human/2020/MAstV1,CHN,,human,2020.0,MAstV1,1,2,4
OQ943849/CHN/NA/human/2020/MAstV1,CHN,,human,2020.0,MAstV1,1,2,4
OQ943850/CHN/NA/human/2020/MAstV1,CHN,,human,2020.0,MAstV1,1,2,4
OQ943851/CHN/NA/human/2020/MAstV1,CHN,,human,2020.0,MAstV1,1,2,4
OQ943852/CHN/NA/human/2021/MAstV1,CHN,,human,2021.0,MAstV1,1,2,4
OQ943853/CHN/NA/human/2021/MAstV1,CHN,,human,2021.0,MAstV1,1,2,4
OQ943854/CHN/NA/human/2021/MAstV1,CHN,,human,2021.0,MAstV1,1,2,4
OQ943855/CHN/NA/human/2021/MAstV1,CHN,,human,2021.0,MAstV1,1,2,4
OQ943856/CHN/NA/human/2021/MAstV1,CHN,,human,2021.0,MAstV1,1,2,4
OQ943857/CHN/NA/human/2021/MAstV1,CHN,,human,2021.0,MAstV1,1,2,4
OQ943858/CHN/NA/human/2021/MAstV1,CHN,,human,2021.0,MAstV1,1,2,4
OQ943859/CHN/NA/human/2021/MAstV1,CHN,,human,2021.0,MAstV1,1,2,4
OQ943860/CHN/NA/human/2020/MAstV1,CHN,,human,2020.0,MAstV1,1,2,4
OQ943861/CHN/NA/human/2021/MAstV1,CHN,,human,2021.0,MAstV1,1,2,4
OQ943862/CHN/NA/human/2021/MAstV1,CHN,,human,2021.0,MAstV1,1,2,4
OQ943863/CHN/NA/human/2020/MAstV1,CHN,,human,2020.0,MAstV1,1,2,4
OQ943864/CHN/NA/human/2020/MAstV1,CHN,,human,2020.0,MAstV1,1,2,4
OQ943865/CHN/NA/human/2020/MAstV1,CHN,,human,2020.0,MAstV1,1,2,4
OQ943866/CHN/NA/human/2020/MAstV1,CHN,,human,2020.0,MAstV1,1,2,4
OQ943867/CHN/NA/human/2020/MAstV1,CHN,,human,2020.0,MAstV1,1,2,4
OQ943868/CHN/NA/human/2020/MAstV1,CHN,,human,2020.0,MAstV1,1,2,4
OQ943869/CHN/NA/human/2021/MAstV1,CHN,,human,2021.0,MAstV1,1,2,4
OQ943870/CHN/NA/human/2021/MAstV1,CHN,,human,2021.0,MAstV1,1,2,4
OQ943871/CHN/NA/human/2021/MAstV1,CHN,,human,2021.0,MAstV1,1,2,4
OQ943872/CHN/NA/human/2021/MAstV1,CHN,,human,2021.0,MAstV1,1,2,4
OQ943873/CHN/NA/human/2021/MAstV1,CHN,,human,2021.0,MAstV1,1,2,4
OQ943874/CHN/NA/human/2021/MAstV1,CHN,,human,2021.0,MAstV1,1,2,4
OQ943875/CHN/NA/human/2021/MAstV1,CHN,,human,2021.0,MAstV1,1,2,4
OQ943876/CHN/NA/human/2021/MAstV1,CHN,,human,2021.0,MAstV1,1,2,4
OQ943877/CHN/NA/human/2021/MAstV1,CHN,,human,2021.0,MAstV1,1,2,4
OQ943878/CHN/NA/human/2020/MAstV1,CHN,,human,2020.0,MAstV1,1,2,4
OQ943879/CHN/NA/human/2020/MAstV1,CHN,,human,2020.0,MAstV1,1,2,4
OQ943880/CHN/NA/human/2020/MAstV1,CHN,,human,2020.0,MAstV1,1,2,4
OQ943881/CHN/NA/human/2020/MAstV1,CHN,,human,2020.0,MAstV1,1,2,4
OQ943882/CHN/NA/human/2021/MAstV1,CHN,,human,2021.0,MAstV1,1,2,4
OQ943883/CHN/NA/human/2021/MAstV1,CHN,,human,2021.0,MAstV1,1,2,4
OQ943884/CHN/NA/human/2021/MAstV1,CHN,,human,2021.0,MAstV1,1,2,4
OQ943885/CHN/NA/human/2021/MAstV1,CHN,,human,2021.0,MAstV1,1,2,4
OQ943886/CHN/NA/human/2021/MAstV1,CHN,,human,2021.0,MAstV1,1,2,4
OQ943887/CHN/NA/human/2021/MAstV1,CHN,,human,2021.0,MAstV1,1,2,4
OQ943888/CHN/NA/human/2021/MAstV1,CHN,,human,2021.0,MAstV1,1,2,4
OQ943889/CHN/NA/human/2020/MAstV6,CHN,,human,2020.0,MAstV6,17,25,23
OQ943890/CHN/NA/human/2020/MAstV6,CHN,,human,2020.0,MAstV6,17,25,23
OQ943891/CHN/NA/human/2020/MAstV6,CHN,,human,2020.0,MAstV6,17,25,23
OQ943892/CHN/NA/human/2021/MAstV6,CHN,,human,2021.0,MAstV6,17,25,23
OQ943893/CHN/NA/human/2020/MAstV9,CHN,,human,2020.0,MAstV9,21,12,8
OQ943894/CHN/NA/human/2021/MAstV9,CHN,,human,2021.0,MAstV9,21,12,8
OQ943895/CHN/NA/human/2021/MAstV9,CHN,,human,2021.0,MAstV9,21,12,8
OQ943896/CHN/NA/human/2021/MAstV9,CHN,,human,2021.0,MAstV9,21,12,8
OQ943897/CHN/NA/human/2021/MAstV9,CHN,,human,2021.0,MAstV9,21,12,8
OQ943898/CHN/NA/human/2021/MAstV9,CHN,,human,2021.0,MAstV9,21,12,8
OQ943899/CHN/NA/human/2021/MAstV9,CHN,,human,2021.0,MAstV9,21,12,8
OQ943900/CHN/NA/human/2021/MAstV9,CHN,,human,2021.0,MAstV9,21,12,8
OQ943901/CHN/NA/human/2021/MAstV9,CHN,,human,2021.0,MAstV9,21,12,8
OQ943902/CHN/NA/human/2020/MAstV8,CHN,,human,2020.0,MAstV8,19,18,16
OQ943903/CHN/NA/human/2020/MAstV8,CHN,,human,2020.0,MAstV8,19,18,16
OQ943904/CHN/NA/human/2020/MAstV8,CHN,,human,2020.0,MAstV8,19,18,16
OQ943905/CHN/NA/human/2020/MAstV8,CHN,,human,2020.0,MAstV8,19,18,16
OQ943906/CHN/NA/human/2020/MAstV8,CHN,,human,2020.0,MAstV8,19,18,16
OQ943907/CHN/NA/human/2021/MAstV8,CHN,,human,2021.0,MAstV8,19,18,16
OQ943908/CHN/NA/human/2021/MAstV8,CHN,,human,2021.0,MAstV8,19,18,16
OQ943909/CHN/NA/human/2021/MAstV8,CHN,,human,2021.0,MAstV8,19,18,16
OQ943910/CHN/NA/human/2021/MAstV8,CHN,,human,2021.0,MAstV8,19,18,16
OQ943911/CHN/NA/human/2021/MAstV8,CHN,,human,2021.0,MAstV8,19,18,16
OQ943912/CHN/NA/human/2021/MAstV8,CHN,,human,2021.0,MAstV8,19,18,16
OQ943913/CHN/NA/human/2020/MAstV9,CHN,,human,2020.0,MAstV9,21,12,8
OQ943914/CHN/NA/human/2020/MAstV9,CHN,,human,2020.0,MAstV9,21,12,8
OQ943915/CHN/NA/human/2020/MAstV9,CHN,,human,2020.0,MAstV9,21,12,8
OQ943916/CHN/NA/human/2021/MAstV9,CHN,,human,2021.0,MAstV9,21,12,8
OQ943917/CHN/NA/human/2021/MAstV9,CHN,,human,2021.0,MAstV9,21,12,8
OQ943918/CHN/NA/human/2021/MAstV9,CHN,,human,2021.0,MAstV9,21,12,8
OQ943919/CHN/NA/human/2021/MAstV9,CHN,,human,2021.0,MAstV9,21,12,8
OQ943920/CHN/NA/human/2020/MAstV8,CHN,,human,2020.0,MAstV8,20,11,7
OQ943921/CHN/NA/human/2021/MAstV8,CHN,,human,2021.0,MAstV8,20,11,7
OQ943922/CHN/NA/human/2021/MAstV8,CHN,,human,2021.0,MAstV8,20,11,7
OQ943923/CHN/NA/human/2021/MAstV8,CHN,,human,2021.0,MAstV8,20,11,7
OQ968302/CHN/20259-SD-CHN-HAstV-1/human/2020/MAstV1,CHN,20259-SD-CHN-HAstV-1,human,2020.0,MAstV1,1,2,4
OQ968303/CHN/20286-SD-CHN-HAstV-1/human/2020/MAstV1,CHN,20286-SD-CHN-HAstV-1,human,2020.0,MAstV1,1,2,4
OQ968304/CHN/20307-SD-CHN-HAstV-1/human/2020/MAstV1,CHN,20307-SD-CHN-HAstV-1,human,2020.0,MAstV1,1,2,4
OQ968305/CHN/21047-SD-CHN-HAstV-1/human/2021/MAstV1,CHN,21047-SD-CHN-HAstV-1,human,2021.0,MAstV1,1,2,4
OQ968306/CHN/21048-SD-CHN-HAstV-1/human/2021/MAstV1,CHN,21048-SD-CHN-HAstV-1,human,2021.0,MAstV1,1,2,4
OQ968307/CHN/21079-SD-CHN-HAstV-1/human/2021/MAstV1,CHN,21079-SD-CHN-HAstV-1,human,2021.0,MAstV1,1,2,4
OQ968308/CHN/20155-SD-CHN-MLB1/human/2020/MAstV6,CHN,20155-SD-CHN-MLB1,human,2020.0,MAstV6,17,25,23
OQ968309/CHN/20238-SD-CHN-MLB1/human/2020/MAstV6,CHN,20238-SD-CHN-MLB1,human,2020.0,MAstV6,17,25,23
OQ968310/CHN/20248-SD-CHN-MLB1/human/2020/MAstV6,CHN,20248-SD-CHN-MLB1,human,2020.0,MAstV6,17,25,23
OQ968311/CHN/20274-SD-CHN-MLB1/human/2020/MAstV6,CHN,20274-SD-CHN-MLB1,human,2020.0,MAstV6,17,25,23
OQ968312/CHN/21153-SD-CHN-VA2/human/2021/MAstV8,CHN,21153-SD-CHN-VA2,human,2021.0,MAstV8,19,18,16
AB000283/NA/S1-standard/NA/NA/MAstV1,,S1-standard,human,,MAstV1,1,2,4
AB000284/NA/JAPAS-1526/NA/NA/MAstV1,,JAPAS-1526,human,,MAstV1,1,2,4
AB000285/NA/P437-91/NA/NA/MAstV1,,P437-91,human,,MAstV1,1,2,4
AB000286/NA/816-93/NA/NA/MAstV1,,816-93,human,,MAstV1,1,2,4
AB000287/NA/JAPAS-115/NA/NA/MAstV1,,JAPAS-115,human,,MAstV1,1,2,4
AB000288/NA/S2-standard/NA/NA/MAstV1,,S2-standard,human,,MAstV1,1,2,4
AB000289/NA/OxfordAS-8811/NA/NA/MAstV1,,OxfordAS-8811,human,,MAstV1,1,2,4
AB000290/NA/NORAS-1128/NA/NA/MAstV1,,NORAS-1128,human,,MAstV1,1,2,4
AB000291/NA/S3-standard/NA/NA/MAstV1,,S3-standard,human,,MAstV1,1,2,4
AB000292/NA/O-13/NA/NA/MAstV1,,O-13,human,,MAstV1,1,2,4
AB000293/NA/O-14/NA/NA/MAstV1,,O-14,human,,MAstV1,1,2,4
AB000294/NA/O-28/NA/NA/MAstV1,,O-28,human,,MAstV1,1,2,4
AB000295/NA/O-35/NA/NA/MAstV1,,O-35,human,,MAstV1,1,2,4
AB000296/NA/S4-standard/NA/NA/MAstV1,,S4-standard,human,,MAstV1,3,2,4
AB000297/NA/S5-standard/NA/NA/MAstV1,,S5-standard,human,,MAstV1,1,2,4
AB000298/NA/O-1/NA/NA/MAstV1,,O-1,human,,MAstV1,1,2,4
AB000299/NA/S6-standard-modi/NA/NA/MAstV1,,S6-standard-modi,human,,MAstV1,1,2,4
AB000300/NA/S7-standard/NA/NA/MAstV1,,S7-standard,human,,MAstV1,1,2,4
AB000301/NA/SX-PAKAS-706/NA/NA/MAstV1,,SX-PAKAS-706,human,,MAstV1,1,2,4
AB009984/NA/J153/NA/NA/MAstV1,,J153,human,,MAstV1,1,2,4
AB009985/NA/J1050/NA/NA/MAstV1,,J1050,human,,MAstV1,1,2,4
AB013618/NA/NA/NA/NA/MAstV1,,,human,,MAstV1,1,2,4
AB025801/NA/O-03-91-283-Ehime1991/NA/NA/MAstV1,,O-03-91-283-Ehime1991,human,,MAstV1,1,2,4
AB025802/NA/O-15-88-532-Ehime1988/NA/NA/MAstV1,,O-15-88-532-Ehime1988,human,,MAstV1,1,2,4
AB025803/NA/O-16-88-561-Ehime1988/NA/NA/MAstV1,,O-16-88-561-Ehime1988,human,,MAstV1,1,2,4
AB025804/NA/O-20-93-601-Ehime1993/NA/NA/MAstV1,,O-20-93-601-Ehime1993,human,,MAstV1,1,2,4
AB025805/NA/O-21-93-583-Ehime1993/NA/NA/MAstV1,,O-21-93-583-Ehime1993,human,,MAstV1,1,2,4
AB025806/NA/O-22-93-525-Ehime1993/NA/NA/MAstV1,,O-22-93-525-Ehime1993,human,,MAstV1,1,2,4
AB025807/NA/O-23-93-482-Ehime1993/NA/NA/MAstV1,,O-23-93-482-Ehime1993,human,,MAstV1,1,2,4
AB025808/NA/O-24-93-439-Ehime1993/NA/NA/MAstV1,,O-24-93-439-Ehime1993,human,,MAstV1,1,2,4
AB025809/NA/O-25-93-197-Ehime1993/NA/NA/MAstV1,,O-25-93-197-Ehime1993,human,,MAstV1,1,2,4
AB025810/NA/O-27-92-676-Ehime1992/NA/NA/MAstV1,,O-27-92-676-Ehime1992,human,,MAstV1,1,2,4
AB025811/NA/O-29-90-276-Ehime1990/NA/NA/MAstV1,,O-29-90-276-Ehime1990,human,,MAstV1,1,2,4
AB025812/NA/O-33-87-25-Ehime1987/NA/NA/MAstV1,,O-33-87-25-Ehime1987,human,,MAstV1,1,2,4
AB031030/NA/NA/NA/NA/MAstV1,,,human,,MAstV1,1,2,4
AB031031/NA/NA/NA/NA/MAstV1,,,human,,MAstV1,1,2,4
AB037272/NA/83-74--Tokushima--Japan/NA/NA/NA,,83-74--Tokushima--Japan,human,,,0,79,3
AB037273/NA/96-146--Beijing--China/NA/NA/MAstV1,,96-146--Beijing--China,human,,MAstV1,1,2,4
AB037274/NA/96-198--Beijing--China/NA/NA/MAstV1,,96-198--Beijing--China,human,,MAstV1,1,2,4
AB496913/ESP/NA/NA/NA/MAstV1,ESP,,human,,MAstV1,1,2,4
AF056197/NA/Bristol/NA/NA/MAstV2,,Bristol,cat,,MAstV2,4,2,70
AF117209/NA/NA/NA/NA/MAstV1,,,human,,MAstV1,1,2,4
AF248738/NA/NA/NA/NA/MAstV1,,,human,,MAstV1,1,2,4
AF260508/NA/NA/NA/NA/MAstV1,,,human,,MAstV1,1,2,4
AY720891/NA/NA/NA/NA/MAstV1,,,human,,MAstV1,1,2,4
AY720892/NA/NA/NA/NA/MAstV1,,,human,,MAstV1,1,2,4
DQ028633/BRA/Goiania-GO-12-94-Brazil/NA/NA/MAstV1,BRA,Goiania-GO-12-94-Brazil,human,,MAstV1,1,2,4
DQ070852/BRA/Goiania-GO-12-95-Brazil/NA/NA/MAstV1,BRA,Goiania-GO-12-95-Brazil,human,,MAstV1,1,2,4
DQ344027/CHN/Guangzhou/NA/NA/MAstV1,CHN,Guangzhou,human,,MAstV1,1,2,4
DQ630763/CHN/WH1859/NA/NA/MAstV1,CHN,WH1859,human,,MAstV1,1,2,4
EF583300/CHN/NA/NA/NA/MAstV1,CHN,,human,,MAstV1,1,2,4
GU985458/SWE/SMS-AstV/mink/NA/NA,SWE,SMS-AstV,mink,,,100,63,76
HM237363/NA/Katano/NA/NA/MAstV1,,Katano,human,,MAstV1,1,2,4
HQ623147/NA/toSH8/NA/NA/MAstV5,,toSH8,dog,,MAstV5,16,10,6
HQ623148/NA/ofSH15/NA/NA/MAstV5,,ofSH15,dog,,MAstV5,16,10,6
HQ916315/HKG/NA/cow/NA/NA,HKG,,cow,,,63,53,48
KJ495987/USA/PFTS-7/pig/NA/NA,USA,PFTS-7,pig,,,42,46,75
KJ495999/USA/PFP-36/pig/NA/NA,USA,PFP-36,pig,,,32,15,12
KJ496001/USA/PFTS-2/pig/NA/NA,USA,PFTS-2,pig,,,46,22,20
KM358468/NA/NA/NA/NA/MAstV9,,,human,,MAstV9,21,12,8
KM401565/NA/NA/NA/NA/MAstV9,,,human,,MAstV9,21,12,8
KP982872/BEL/Bel-12R021/pig/NA/NA,BEL,Bel-12R021,pig,,,29,82,56
KT946726/HKG/HK-22103F/rat/NA/NA,HKG,HK-22103F,rat,,,101,40,37
KT946727/HKG/HK-4214F/rat/NA/NA,HKG,HK-4214F,rat,,,101,40,37
KT946728/HKG/HK-12111F/rat/NA/NA,HKG,HK-12111F,rat,,,101,40,37
KT946729/HKG/HK-13112F/rat/NA/NA,HKG,HK-13112F,rat,,,101,40,37
KT946730/HKG/HK-25315A/rat/NA/NA,HKG,HK-25315A,rat,,,101,40,37
KT946731/HKG/HK-CWRN1RV/rat/NA/NA,HKG,HK-CWRN1RV,rat,,,85,50,39
KT946732/HKG/HK-1797F/rat/NA/NA,HKG,HK-1797F,rat,,,74,72,62
KT946733/HKG/HK-1893F/rat/NA/NA,HKG,HK-1893F,rat,,,74,72,62
KT946734/HKG/HK-1998F/rat/NA/NA,HKG,HK-1998F,rat,,,74,72,62
KT946735/CHN/HN-014/rat/NA/NA,CHN,HN-014,rat,,,102,3,80
L06802/NA/NA/NA/NA/MAstV1,,,human,,MAstV1,1,2,4
L23513/NA/Oxford/NA/NA/MAstV1,,Oxford,human,,MAstV1,1,2,4
LT706530/NA/UK-2014-lamb-lib01455/NA/NA/NA,,UK-2014-lamb-lib01455,sheep,,,8,81,55
LT706531/NA/UK-2013-ewe-lib01454/NA/NA/NA,,UK-2013-ewe-lib01454,sheep,,,8,81,55
LT898424/NA/PAstV-GER-L00919-K17-14-02-2014/NA/NA/NA,,PAstV-GER-L00919-K17-14-02-2014,pig,,,32,15,12
LT898434/NA/PAstV-GER-L00855-K14-14-04-2014/NA/NA/NA,,PAstV-GER-L00855-K14-14-04-2014,pig,,,79,23,21
MF973495/CHN/NA/dog/NA/MAstV5,CHN,,dog,,MAstV5,16,10,6
MF973496/CHN/NA/dog/NA/MAstV5,CHN,,dog,,MAstV5,16,10,6
MF973497/CHN/NA/dog/NA/MAstV5,CHN,,dog,,MAstV5,16,10,6
MF973498/CHN/NA/dog/NA/MAstV5,CHN,,dog,,MAstV5,16,10,6
MF973499/CHN/NA/dog/NA/MAstV5,CHN,,dog,,MAstV5,16,10,6
MF973500/CHN/NA/dog/NA/MAstV5,CHN,,dog,,MAstV5,16,10,6
MF973501/CHN/NA/dog/NA/MAstV5,CHN,,dog,,MAstV5,16,10,6
MK059949/USA/NA/human/NA/MAstV1,USA,,human,,MAstV1,1,2,4
MK059950/USA/NA/human/NA/MAstV1,USA,,human,,MAstV1,1,2,4
MK059951/USA/NA/human/NA/MAstV1,USA,,human,,MAstV1,1,2,4
MK059952/USA/NA/human/NA/MAstV1,USA,,human,,MAstV1,1,2,4
MK059953/USA/NA/human/NA/MAstV1,USA,,human,,MAstV1,1,2,4
MK059954/USA/NA/human/NA/MAstV1,USA,,human,,MAstV1,1,2,4
MK059955/USA/NA/human/NA/MAstV1,USA,,human,,MAstV1,1,2,4
MK059956/USA/NA/human/NA/MAstV1,USA,,human,,MAstV1,1,2,4
MN464146/ITA/NA/cow/NA/MAstV13hm,ITA,,cow,,,8,33,5
MT894143/IND/PVNRTVU2020/dog/NA/MAstV5,IND,PVNRTVU2020,dog,,MAstV5,16,10,6
MW784069/CHN/7-168877/NA/NA/NA,CHN,7-168877,pig,,,29,82,56
MW784070/CHN/7-333329/NA/NA/NA,CHN,7-333329,pig,,,69,57,45
MW784071/CHN/8-286142/NA/NA/NA,CHN,8-286142,pig,,,103,59,49
MW784073/CHN/67-73244/NA/NA/NA,CHN,67-73244,pig,,,31,61,52
MW784074/CHN/68-5299/NA/NA/NA,CHN,68-5299,pig,,,55,61,52
MW784075/CHN/85-137625/NA/NA/NA,CHN,85-137625,pig,,,26,38,35
MW784076/CHN/86-105857/NA/NA/NA,CHN,86-105857,pig,,,58,66,1
MW784078/CHN/87-370059/NA/NA/NA,CHN,87-370059,pig,,,66,82,56
MW784079/CHN/226-105986/NA/NA/NA,CHN,226-105986,pig,,,91,66,1
MW784081/CHN/227-2671/NA/NA/NA,CHN,227-2671,pig,,,59,29,40
MW784082/CHN/227-342448/NA/NA/NA,CHN,227-342448,pig,,,27,41,69
MW784083/CHN/227-67505/NA/NA/NA,CHN,227-67505,pig,,,48,48,77
MW784084/CHN/228-114947/NA/NA/NA,CHN,228-114947,pig,,,104,20,18
MW784087/CHN/276-120415/NA/NA/NA,CHN,276-120415,pig,,,48,48,77
MW784090/CHN/286-165764/NA/NA/NA,CHN,286-165764,pig,,,47,37,34
MW784091/CHN/287-203354/NA/NA/NA,CHN,287-203354,pig,,,58,66,1
MW784092/CHN/287-60804/NA/NA/NA,CHN,287-60804,pig,,,88,38,35
MW784093/CHN/288-122863/NA/NA/NA,CHN,288-122863,pig,,,105,77,67
MW784095/CHN/138bR-178666/NA/NA/NA,CHN,138bR-178666,pig,,,49,20,18
MW784096/CHN/275R-116493/NA/NA/NA,CHN,275R-116493,pig,,,68,71,61
MW784098/CHN/302R-449000/NA/NA/NA,CHN,302R-449000,pig,,,106,42,72
MW784100/CHN/R49-1743887/NA/NA/NA,CHN,R49-1743887,pig,,,23,46,75
MW784101/CHN/R67-109978/NA/NA/NA,CHN,R67-109978,pig,,,69,57,45
MW784102/CHN/R67-15434/NA/NA/NA,CHN,R67-15434,pig,,,54,85,59
MW784105/CHN/R69-151373/NA/NA/NA,CHN,R69-151373,pig,,,65,58,46
MW784106/CHN/R96-75684/NA/NA/NA,CHN,R96-75684,pig,,,29,82,56
MW784108/CHN/s68-555025/NA/NA/NA,CHN,s68-555025,pig,,,107,48,77
MW784109/CHN/s68-796037/NA/NA/NA,CHN,s68-796037,pig,,,39,58,46
